,organization_id,o_name,o_url,location_id,l_name,latitude,longitude,address_1,address_2,city,state_province,postal_code,cluster id,confidence
0,46c4acdfa7407bb1f0de32a2467c7987,required text,http://some.domain.com,ae97066be6a14f53d572bcbab83d4ef4,required text,,,text,text,text,two character state (all caps),99999 or 99999-9999,51,1.0
1,0311533a6d3626101e12996e914c1477,depressive and bipolar support alliance whatcom county,http://www.dbsalliance.org,5cbaa27bd58a2b8b728caad9c8a554bf,depressive and bipolar support alliance,,,800 chestnut street,suite 1c,bellingham,wa,98225,0,0.7999958672056429
2,c5fce969171a54cfae5440cacfd45585,bellingham parks and recreation division,https://cob.org/services/recreation,647b980c49850404ea2db47db8ec504c,bellingham parks recreation division,,,210 lottie street,,bellingham,wa,98225,1,0.79999840259552
3,7536dcaf0707e39f30ec2936a5b6774e,mount baker school district,http://www.mtbaker.wednet.edu,2cc46b37742f870c0904d2a6f8adcd2e,mount baker school district,,,4956 deming road,,deming,wa,98244,52,1.0
4,b3fa2d0531dc59d40be538c89a15e383,bellingham technical college,https://www.btc.edu,52dbbe006552f49c9a32e5dee5e3f7ce,bellingham technical college,,,3028 lindbergh avenue,,bellingham,wa,98225,2,0.7999991774559021
5,602724e9827535072fb6063f9756a382,bellingham school district,http://bellinghamschools.org,e01e567abaaaabcaaeee6d77baddac81,bellingham school district,,,1306 dupont street,,bellingham,wa,98225,53,1.0
6,5e994039f375e96105440368e1f3d0ee,nooksack valley school district,https://www.nv.k12.wa.us,64489de146ab63c06cfc167287677084,nooksack valley school district,,,3326 east badger road,,everson,wa,98247,3,0.7999971508979797
7,00f7f9e45b0c787242643aa29cd05495,western washington university,http://www.wwu.edu,35df38441a6f0e1168c92f1871ec50ce,western washington university,,,516 high street,,bellingham,wa,98225,4,0.7999949250393263
8,00f7f9e45b0c787242643aa29cd05495,western washington university,http://www.wwu.edu,b165a181ffccf4e674889c95b50a1094,western washington universitys counseling center,,,516 high street,room 540,bellingham,wa,98225,4,0.7999949250393263
9,00f7f9e45b0c787242643aa29cd05495,western washington university,http://www.wwu.edu,7f96fc6e9827d1749e394a07ad0230ac,western washington universitys financial aid department,,,516 high street,room 265,bellingham,wa,98225,4,0.7999949250393263
10,00f7f9e45b0c787242643aa29cd05495,western washington university,http://www.wwu.edu,10d10a539af6520c01cbb4e6a88fdb25,western washington universitys hearing and aural rehabilitation clinics,,,516 high street,"2nd floor, room 256",bellingham,wa,98225,4,0.7999949250393263
11,00f7f9e45b0c787242643aa29cd05495,western washington university,http://www.wwu.edu,f158948d058561c4d2d5851e5f878590,western washington universitys counseling training clinic,,,188 east college way,room 453,bellingham,wa,98225,4,0.7999873738996084
12,00f7f9e45b0c787242643aa29cd05495,western washington university,http://www.wwu.edu,902bcf85038fe3842faa34b23bf57b45,western washington universitys career services center,,,516 high street,room 280,bellingham,wa,98225,4,0.7999949250393263
13,00f7f9e45b0c787242643aa29cd05495,western washington university,http://www.wwu.edu,1840e6e627a72d15d1b78bca9b2963f8,western washington universitys hearing aid bank,,,516 high street,,bellingham,wa,98225,4,0.7999949250393263
14,61a5dc17f6456c676903dbd1139c8be8,ferndale school district,http://www.ferndalesd.org,e941f934da660e7f24f96b5d4454fb1a,ferndale school district,,,6041 vista drive,,ferndale,wa,98248,54,1.0
15,371555bbeaf29ae9406ec757bb0da9d7,point roberts food bank,http://www.harmonywebdesigns.com/pointrobertschurch/announcements.htm,9965c419a97a8647ccfababa71949407,point roberts food bank,,,323 evergreen way,,point roberts,wa,98281,55,1.0
16,052af8b62008c60a3c5875732d853fc3,river of life community church,,a6c771f636324daecea8df6cf2cbfd35,river of life community church,,,4037 valley highway,,deming,wa,98244,56,1.0
17,8da8a420a1b8be5fbd4898e98e076ec9,saint vincent de paul - sacred heart church,https://www.shbham.org,cd3b7581740a47cbd501f41e5bd4c494,saint vincent de paul sacred heart church,,,1110 14th street,,bellingham,wa,98225,5,0.7999991774559021
18,eff0f55d955a1fe8229cbed3dddd3fb9,community assistance program,http://blainecap.org,aecb50ff7f390d2c3211e805d63695ec,community assistance program at christ episcopal church,,,382 boblett street,,blaine,wa,98230,57,1.0
19,eff0f55d955a1fe8229cbed3dddd3fb9,community assistance program,http://blainecap.org,a63d054e8d93aad374aea997ac547919,community assistance program at blaine christian fellowship,,,902 adelia street,,blaine,wa,98230,58,1.0
20,eff0f55d955a1fe8229cbed3dddd3fb9,community assistance program,http://blainecap.org,76ad9e77ba83ee77dacdc83cc3b87dbf,community assistance program,,,508 g street,,blaine,wa,98230,59,1.0
21,29b54fd8bb370012d41318973462997e,whatcom hospice,http://whatcomhospice.org,143f842e943e88dfb68c343da937a461,whatcom hospice,,,2800 douglas avenue,,bellingham,wa,98225,60,1.0
22,29b54fd8bb370012d41318973462997e,whatcom hospice,http://whatcomhospice.org,bfae96588794558f40e4adb03e09b604,whatcom hospice foundation,,,3001 squalicum parkway,suite 11,bellingham,wa,98225,61,1.0
23,b4626cb9b6cae2690aa90d2407e66ecb,blaine community/senior center,https://www.blaineseniorcenter.org,6f024bd4e255f3133c024bbc33b3a4a9,blaine community/senior center,,,763 g street,,blaine,wa,98230,62,1.0
24,5c7e8a60ef40145dc2610a19be5fbd35,whatcom county parks and recreation department,http://www.co.whatcom.wa.us/1787/parks-recreation,e5308c8914543f8336fb6e4b424ab8a6,whatcom county parks and recreation department,,,3373 mount baker highway,,bellingham,wa,98226,63,1.0
25,8b68df74c4bafc23dfd50c71b244642a,whatcom county health department,http://www.whatcomcounty.us/360/health-department,aa099a26f0e72f4f0fcfa5d9b2a593de,whatcom county health department,,,509 girard street,,bellingham,wa,98225,6,0.7999857954137242
26,8b68df74c4bafc23dfd50c71b244642a,whatcom county health department,http://www.whatcomcounty.us/360/health-department,ce18829922a51590be4815808466bb0e,whatcom county health department on north state street,,,1500 north state street,,bellingham,wa,98225,7,0.7999969428638818
27,8b68df74c4bafc23dfd50c71b244642a,whatcom county health department,http://www.whatcomcounty.us/360/health-department,c079e876524fdc404fc3dc4c4026c3fd,whatcom county health department at bellingham international airport,,,4255 mitchell way,,bellingham,wa,98226,6,0.7999843333464663
28,4903373e4447516de56f7bd8448e0565,bellingham whatcom county housing authorities,http://www.bellinghamhousing.org,24d85e133b237c2f094a9291e086acd4,bellingham whatcom county housing authorities,,,208 unity st,,bellingham,wa,98225,64,1.0
29,9d08b9f493fff272b6f232030f5ee7f3,whatcom county courts,http://www.courts.wa.gov/court_dir/orgs/296.html,188511b836e95c6db86e954c1197b711,whatcom county juvenile court,,,311 grand avenue,suite 501,bellingham,wa,98225,8,0.7999976162009442
30,9d08b9f493fff272b6f232030f5ee7f3,whatcom county courts,http://www.courts.wa.gov/court_dir/orgs/296.html,1e860ceff41e5c12b25e9e03a2613d31,teen court whatcom county courts,,,1020 north state street,,bellingham,wa,98225,7,0.7999973479834195
31,9d08b9f493fff272b6f232030f5ee7f3,whatcom county courts,http://www.courts.wa.gov/court_dir/orgs/296.html,6e8d74eaf12ae616a59140c7a11ff79c,whatcom county superior court,,,311 grand avenue,suite 301,bellingham,wa,98225,8,0.7999976162009442
32,9d08b9f493fff272b6f232030f5ee7f3,whatcom county courts,http://www.courts.wa.gov/court_dir/orgs/296.html,ee3c8d6dbb3fae38b6974f5101ddc5e3,whatcom county district court,,,311 grand avenue,suite 401,bellingham,wa,98225,8,0.7999976162009442
33,9d08b9f493fff272b6f232030f5ee7f3,whatcom county courts,http://www.courts.wa.gov/court_dir/orgs/296.html,33a73f1573482db851aca8448f1209a5,bellingham municipal court,,,2014 c street,,bellingham,wa,98225,9,0.7999858419765512
34,9d08b9f493fff272b6f232030f5ee7f3,whatcom county courts,http://www.courts.wa.gov/court_dir/orgs/296.html,0ee1f8985c764a2b55352ed456e3c074,blaine municipal court,,,435 martin st,suite 4000,blaine,wa,98230,9,0.799985676678564
35,9d08b9f493fff272b6f232030f5ee7f3,whatcom county courts,http://www.courts.wa.gov/court_dir/orgs/296.html,2ef9de6d7a94fbeb0f58fac13722e1f2,everson/nooksack municipal court,,,111 w main st,,everson,wa,98247,9,0.799985232004375
36,9d08b9f493fff272b6f232030f5ee7f3,whatcom county courts,http://www.courts.wa.gov/court_dir/orgs/296.html,8081979dd6603d232a72673fe8e8a2fa,ferndale municipal court,,,5694 2nd avenue,,ferndale,wa,98248,10,0.7999988194589887
37,9d08b9f493fff272b6f232030f5ee7f3,whatcom county courts,http://www.courts.wa.gov/court_dir/orgs/296.html,1973fc795f85b4741fdf316c47253e27,lynden municipal court,,,205 4th street,,lynden,wa,98264,9,0.7999861097130175
38,9d08b9f493fff272b6f232030f5ee7f3,whatcom county courts,http://www.courts.wa.gov/court_dir/orgs/296.html,3fc651914c3ec7cf00e98c0d333c4229,sumas municipal court,,,433 cherry street,,sumas,wa,98295,9,0.7999871969595678
39,438395afe92cb81df3c95b4e443230ae,whatcom county sheriffs office,http://www.co.whatcom.wa.us/sheriff/,0bf6e5b114e86f28206d061fc2115fc2,whatcom county sheriffs office,,,311 grand avenue,,bellingham,wa,98225,8,0.7999984022293731
40,c8ad9b39916ca54c5356241f61e1ee75,lydia place,http://www.lydiaplace.org,f117a04d67eb7662c3e1b92f147c0c62,lydia place,,,1701 gladstone street,,bellingham,wa,98229,16,0.7999983429908752
41,4bbab5642324bc3f5b534d95fe679750,vietnam veterans of america 165,http://www.vva165.org,df1cef0c32a5e0176bec8eff7e33aa7c,vfw post 1585,,,625 north state street,,bellingham,wa,98225,7,0.7999961093446553
42,057fbd0776c79d85b410359a8a7b2733,blaine food bank,https://www.blainefoodbank.org,5441602f9d0852cbca28a7b89bd54859,blaine food bank,,,500 c street,,blaine,wa,98230,17,0.7999979853630066
43,61d18c0dab612195095c2d96c7d5701e,brigid collins family support center,http://www.brigidcollins.org,67f0b2c96f7f64f53013b6e42a388711,brigid collins family support center in whatcom,,,1231 north garden street,suite 200,bellingham,wa,98225,65,1.0
44,a73f3b0d880af2d66b6b2dba0f8547f8,whatcom humane society,http://www.whatcomhumane.org,b1e2570d3c373f29052d93609fd71199,whatcom humane society,,,2172 division street,,bellingham,wa,98226,66,1.0
45,5ba609a01a67ad846f7153edcef3f278,interfaith coalition of whatcom county,http://www.interfaith-coalition.org,62fed08322f05e4f06e5493a360d61f3,interfaith coalition,,,495 east bakerview road,,bellingham,wa,98226,67,1.0
46,5ba609a01a67ad846f7153edcef3f278,interfaith coalition of whatcom county,http://www.interfaith-coalition.org,f5118d81f8886f7bbce5a77e7a27556a,interfaith coalition of whatcom county at arch of healing and reconciliation,,,400 north commercial street,,bellingham,wa,98225,11,0.7999969754596763
47,d583d3e52bf5e616c65b41210e2a4508,northwest braille services,,e838e7c14ffcba7dde364a22570ec283,northwest braille services,,,6162 aquarius avenue,,ferndale,wa,98248,68,1.0
48,7ad08b00e943bdca64eceb65114f1f10,boys and girls clubs of whatcom county,http://www.whatcomclubs.org,195cac0e3393d0c5aa705e12dd608722,boys girls club in bellingham,,,1715 kentucky street,,bellingham,wa,98229,69,1.0
49,7ad08b00e943bdca64eceb65114f1f10,boys and girls clubs of whatcom county,http://www.whatcomclubs.org,19590ea7b33550f595bea268fa80380a,boys girls club in ferndale,,,2015 cherry street,,ferndale,wa,98248,70,1.0
50,7ad08b00e943bdca64eceb65114f1f10,boys and girls clubs of whatcom county,http://www.whatcomclubs.org,56944adda69c89ba52cd988362938fc2,boys girls club in lynden,,,8800 bender road,,lynden,wa,98264,71,1.0
51,7ad08b00e943bdca64eceb65114f1f10,boys and girls clubs of whatcom county,http://www.whatcomclubs.org,3f468986794a8bb01fc98b9b30b58b01,boys girls club in blaine,,,635 8th street,,blaine,wa,98230,72,1.0
52,42239cf453427d8d3e4e72a34bbd8200,we care of whatcom county,,d20fa571d77ae9e1db173f63d0d29152,we care of whatcom county,,,3550 meridian street,suite 2,bellingham,wa,98225,73,1.0
53,d051de274a7a7459be862111bd566002,hope house,https://www.assumption.org/hope-house.html,0143fc406cc0cefd3521499a50d40966,hope house,,,207 kentucky street,,bellingham,wa,98225,18,0.7999981641769409
54,b54c048732654046f3a24379c6ffc5ad,whatcom county pregnancy clinic,http://www.whatcomclinic.com,0bdd1ce2eeecc49acda18ea9e788e33a,whatcom county pregnancy clinic,,,1310 north state street,,bellingham,wa,98225,7,0.7999969428638818
55,4b6464e8d8f814e1c5997ddc21619b4a,new way ministries,http://www.christianhopeassociation.org,f679bf658f9e5c9738df42953e17b583,new way ministries,,,205 south british columbia avenue,,lynden,wa,98264,19,0.7999976273766822
56,bda655fc6ec27ef475b2d1fbba92dbd9,catholic community services of western washington in whatcom county,http://www.ccsww.org,cada9384d869a74d533fdb3845a9761d,catholic community services of western washington in whatcom,,,1133 railroad avenue,suite 100,bellingham,wa,98225,20,0.7999973893165588
57,bda655fc6ec27ef475b2d1fbba92dbd9,catholic community services of western washington in whatcom county,http://www.ccsww.org,040d2ae622487d2a024a756248b72680,catholic community services of western washingtons recovery center,,,515 lakeway drive,,bellingham,wa,98225,74,1.0
58,099ee930be9dcdee8f545721149b548c,pflag whatcom,http://www.whatcompflag.org,8d027758ac303b955e7e131b779f1532,pflag whatcom,,,405 east holly street,,bellingham,wa,98225,75,1.0
59,367b8396637f073c49dd78cd4e10d995,"work opportunities, inc.",http://www.workopportunities.org,1a2939567d97752911847ace3ada5d00,work opportunities in bellingham,,,192 east bakerview road,202,bellingham,wa,98226,76,1.0
60,ffd1180418a247eeaf8fb2cd187c4fb8,bellingham food bank,http://bellinghamfoodbank.org,b5aaed824e1b6ba72bf6f288a64591ca,bellingham food bank,,,1824 ellis street,,bellingham,wa,98225,21,0.7999981023461247
61,ffd1180418a247eeaf8fb2cd187c4fb8,bellingham food bank,http://bellinghamfoodbank.org,71f40eb71377afad63662f8a57b1b71b,bellingham food bank at christ the king,,,4173 meridian street,,bellingham,wa,98226,22,0.7999991733597911
62,ffd1180418a247eeaf8fb2cd187c4fb8,bellingham food bank,http://bellinghamfoodbank.org,712cbf8a0c5a9871e24576fb4fed5c6d,bellingham food bank at shuksan middle school,,,2717 alderwood avenue,,bellingham,wa,98225,23,0.7999857628197515
63,ffd1180418a247eeaf8fb2cd187c4fb8,bellingham food bank,http://bellinghamfoodbank.org,386b45710850bf5a50c88a045841c15a,bellingham food bank at bellingham high school,,,2020 cornwall avenue,,bellingham,wa,98225,24,0.7999968730157685
64,ffd1180418a247eeaf8fb2cd187c4fb8,bellingham food bank,http://bellinghamfoodbank.org,5d5752204cb088dc8a7e49f144bd3731,bellingham food banks drive-up distribution,,,1175 jersey street,,bellingham,wa,98225,23,0.7999857628197515
65,3733c37e6f1b9c832b89a8be7eed40fa,bellingham public library,http://www.bellinghampubliclibrary.org,4508ff9988dc25df8d0890d1453d2544,bellingham public librarys central branch,,,210 central avenue,,bellingham,wa,98225,25,0.7999987014921937
66,3733c37e6f1b9c832b89a8be7eed40fa,bellingham public library,http://www.bellinghampubliclibrary.org,c0ce385fef082c6736d29a83da5edab1,bellingham public librarys fairhaven branch,,,1117 12th street,,bellingham,wa,98225,26,0.799999475479126
67,3733c37e6f1b9c832b89a8be7eed40fa,bellingham public library,http://www.bellinghampubliclibrary.org,02ee5c97a5598e411f20262d3d47953f,bellingham public librarys barkley branch,,,3111 newmarket street,suite 103,bellingham,wa,98226,27,0.799999475479126
68,61c6c2cbb804d868746e7fe16378f5ae,blue skies for children,http://www.blueskiesforchildren.org,69ae873f63093f0d240ebac095b698e1,blue skies for children,,,2505 cedarwood avenue,suite 5,bellingham,wa,98225,77,1.0
69,f7597a4347eade407f1da423c8362156,camp fire samish,http://www.campfiresamishcouncil.org,600cd842394efa95c4d9a3ef75f20996,camp fire samish,,,1321 king street,3,bellingham,wa,98229,78,1.0
70,529d8e66b788cedf7b60d043fc0d0eb3,laurel church,http://www.laurelchurch.us,2ccb21965f14d0f752689707d70209b4,laurel community baptist church,,,162 w laurel rd,,bellingham,wa,98226,28,0.7999993562698364
71,19439b250d8ea5b4e25aff62171f6120,lummi nation,https://www.lummi-nsn.gov,f8712f00069e5d1906f9ab279a255902,lummi indian tribe,,,2665 kwina road,,bellingham,wa,98226,29,0.7999942886527276
72,19439b250d8ea5b4e25aff62171f6120,lummi nation,https://www.lummi-nsn.gov,fa703c7ba1844d918366915e0e553839,lummi counseling services,,,2616 kwina road,,bellingham,wa,98226,29,0.7999942886527276
73,19439b250d8ea5b4e25aff62171f6120,lummi nation,https://www.lummi-nsn.gov,b699620c67aadea828cc9280359468ad,lummi food bank,,,2830 kwina road,,bellingham,wa,98226,29,0.799993874226446
74,19439b250d8ea5b4e25aff62171f6120,lummi nation,https://www.lummi-nsn.gov,4b24e29b652216b3447b247051280e53,lummi tribal health center,,,2592 kwina road,,bellingham,wa,98226,30,0.7999973293572159
75,1ba290cf6eb98d7f613a2baea5b14847,bloodworks northwest,http://www.bloodworksnw.org,15d17059fd5cba59351094b386e32258,bloodworks northwest - bellingham,,,410 w bakerview rd,suite 117,bellingham,wa,98226,79,1.0
76,f081883d8c43d9359763127a8ce0596e,compass health - whatcom county,https://www.compasshealth.org,53df53948a6cd8516887a09089d948fc,compass healths mcleod office in bellingham,,,3645 east mcleod road,,bellingham,wa,98226,80,1.0
77,f081883d8c43d9359763127a8ce0596e,compass health - whatcom county,https://www.compasshealth.org,cb09ce1e71efe614f2f546312a11e756,compass healths wise office,,,4350 cordata parkway,suite 100,bellingham,wa,98226,81,1.0
78,a50b49d679e1753ca2c45af3c605481b,nooksack valley food bank,,2cba7741ddd9b2bf531a402592ee7e4e,nooksack valley food bank,,,100 e 2nd street,,everson,wa,98247,82,1.0
79,37b1a6a20c477a2cd6ee752de55310f0,dshs division of child support,http://dshs.wa.gov/dcs,899db6226323bc5ee4e8544cd4a13b83,dshs division of child support in bellingham,,,4101 meridian street,,bellingham,wa,98226,31,0.7999967115891113
80,2fbc8bcd4d7df909aecab824a329ef12,project hope,https://www.projecthopelynden.org,08c53a46eb60612d0aef5256420dccbf,project hope,,,205 south british columbia avenue,suite 105,lynden,wa,98264,19,0.7999975714979985
81,eba1af59bf13f2c2fe5c248891c61303,ferndale food bank,http://www.ferndalefoodbank.org,42502e223c04824f5f22e77504fd5d24,ferndale food bank,,,1671 main street,wta transfer station property,ferndale,wa,98248,33,0.7999990582466125
82,721ffd9e43190ad6df38a244e11e068b,northwest youth services,http://www.nwys.org/,9f7caf6ea5158ee2ee7d094203823cad,northwest youth services in whatcom,,,1020 north state street,,bellingham,wa,98225,7,0.7999973759227282
83,2ed186aa835c1fa3ef339f7d5db23214,habitat for humanity in whatcom county,http://www.hfhwhatcom.org,c98799cdbf71974c01ccf3a4859e5648,habitat for humanity in whatcom county,,,1825 cornwall avenue,,bellingham,wa,98225,83,1.0
84,2a91b154cc399d6da68189e24c2d0322,re store,http://www.re-store.org,8d19baf8bd07800bd9d057c53ebf4ad7,re store - bellingham,,,2309 meridian st,,bellingham,wa,98225,84,1.0
85,c464e5941099ff85b73c95dfb4592b3b,dshs community services offices,https://www.dshs.wa.gov/food-cash-medical,3bc4671a2350ce5e5a8184b053f31812,dshs community services office in bellingham,,,4101 meridian ave,,bellingham,wa,98226,31,0.7999967146934689
86,90b577a8dd5a0189f206d1ec9f9564df,dshs division of vocational rehabilitation,http://dshs.wa.gov/dvr,0fad97a8f47b0a4c23eaef3b9cf50d97,dshs - division of vocational rehabilitation - bellingham,,,4101 meridian ave,,bellingham,wa,98226,31,0.7999966960673242
87,020d5f8e9de017a2b9c3d37dfdb3e40a,dshs aging and long-term support administrations home and community services,https://www.dshs.wa.gov/altsa/home-and-community-services/agencies-helphcs,f33c6e2bb90b8e3a72f692c8aaec6476,dshs - aging and long-term support administration - home and community services - bellingham,,,2219 rimland drive,suite 419,bellingham,wa,98226,34,0.79999840259552
88,17007631eef40f2206ebddf7d38ebd55,journey housing and payee services,https://journeyhousingandpayee.org,350ae83372ee0141b513886b5a5f44dd,sunrise services - bellingham,,,1515 cornwall avenue,,bellingham,wa,98225,32,0.7999984655588124
89,dd545646c2bee5a91581a837b56166bc,lake whatcom residential and treatment center,http://lwrtc.org,abc1a146cc170901943e76e0751b3909,lake whatcom center outpatient office,,,3600 meridian street,,bellingham,wa,98225,35,0.7999981675380969
90,dd545646c2bee5a91581a837b56166bc,lake whatcom residential and treatment center,http://lwrtc.org,2737e420b3c52249871a0adbdedfb81b,lake whatcom center boarding home,,,3400 agate heights road,,bellingham,wa,98226,85,1.0
91,8b5d6b0242f3bb4aa6c887e164acf0f8,lifeline connections,https://lifelineconnections.org/,8bdb5b5b3a21a9c4fe3e33ed2f30a865,lifeline connections in bellingham,,,4120 meridian street,220,bellingham,wa,98226,86,1.0
92,97fe7d4ae6ef59242dace428b96b1d4e,lighthouse mission ministries,http://www.thelighthousemission.org,c0ac6cebf9cbf8be9a295043e99afb6b,lighthouse mission ministries,,,910 west holly street,,bellingham,wa,98225,87,1.0
93,97fe7d4ae6ef59242dace428b96b1d4e,lighthouse mission ministries,http://www.thelighthousemission.org,4bd47eddae40a3053630bfeefd562491,lighthouse mission ministries base camp,,,1530 cornwall avenue,,bellingham,wa,98225,24,0.7999979471272286
94,1ae2a16bb6c4b4b0785820b9fa683893,social security administration,https://www.ssa.gov/seattle/index.htm,25ea17934e56177eebaf8781edcd2c8e,social security administration in bellingham,,,710 alabama street,,bellingham,wa,98225,88,1.0
95,13c2422e84938a0e990c6d55adb51123,nami whatcom,http://www.namiwhatcom.org,0c05a621d64cf8be0d0a3ac3b07d8cb7,nami - whatcom county,,,800 east chestnut street,1c,bellingham,wa,98225,0,0.7999971524083678
96,d032e8d82393d823facabc3eb00d575e,salvation army - bellingham,https://bellingham.salvationarmy.org,a21b97f0fab5b9dcef18101cf147f60f,salvation army - bellingham,,,2912 northwest avenue,,bellingham,wa,98225,36,0.7999991733597911
97,d032e8d82393d823facabc3eb00d575e,salvation army - bellingham,https://bellingham.salvationarmy.org,68b893d1ae59a065f82214b5f5ffc9c1,bargains and treasures thrift shop,,,1515 birchwood avenue,,bellingham,wa,98225,89,1.0
98,d5d986b4c6efded3ae2563104385c579,alcoholics anonymous western washington area 72,http://www.area72aa.org,6dc760ebca4a1624155838a6260a414f,alcoholics anonymous western washington area 72,,,1225 east sunset drive,suite 145-745,bellingham,wa,98226,90,1.0
99,9c00920bdc5f5e9e14beed9732fa5089,worksource whatcom,https://www.worksourcewa.com,16b54fcc6d555fab5c67078af9afb530,worksource whatcom,,,101 prospect street,,bellingham,wa,98225,37,0.7999984622001648
100,8f4c14ab1062dc9248a8ec87775bedae,seattle goodwill,https://seattlegoodwill.org/,5c0575595352b9f3c13528f3ed4babd6,bellingham goodwill,,,1115 e. sunset dr.,,bellingham,wa,98226,91,1.0
101,7d7ec569d75ea5e3c3539a47e8540ce0,whatcom dream,http://thewhatcomdream.org,33b0174f9733c9341578dd02df8e00ce,whatcom dream,,,1846 iron street,,bellingham,wa,98225,92,1.0
102,b29972cb9eced5c8852913eeafa00e59,washington state department of labor industries,http://lni.wa.gov,9ec6626518e2f494e407541a6087a3be,washington state department of labor industries in bellingham,,,1720 ellis st,suite 200,bellingham,wa,98225,93,1.0
103,86512de85698a8fe90bea0df2d812372,old town christian ministries,,14b8ae64392c26f77a22f96a151bcff1,old town christian ministries,,,1704 north state street,,bellingham,wa,98225,94,1.0
104,84e50ef90dca6fbcf5328c2a694c024c,"washington state department of children, youth families child welfare system",https://www.dcyf.wa.gov,69974dbd53e6f1450f894363a28b9d45,"washington state department of children, youth, and families in bellingham",,,"1720 ellis st., suite 100",,bellingham,wa,98225,95,1.0
105,2b986132bde34654f9f901f052fbaf6c,first baptist church - bellingham,http://firstbaptistbellingham.com/connect/tuesday-meal,ccee5d698e47dbf59d4dbd3d9387a2f7,first baptist church - bellingham,,,110 flora street,,bellingham,wa,98225,96,1.0
106,4174251bf884bb0edeff27f4653a3dc2,arc of whatcom county,http://www.arcwhatcom.org,381d7ba61a6b96a7f45638bf333c11ae,arc of whatcom county,,,2602 mcleod road,,bellingham,wa,98225,38,0.7999983413834603
107,785161f04b59cf60f7637e20dc207eef,"hearing, speech deaf center",http://hsdc.org,d23c2e11b6c262b550e1970bc2a11424,"hearing, speech deaf center in bellingham",,,114 west magnolia street,suite 106,bellingham,wa,98225,39,0.7999984622001648
108,79ecc1f9a66c116256055ae44d1bd3dc,blaine school district,http://www.blainesd.org,ae9501b75a033d9fad9916699dbf8385,blaine school district,,,765 h street,,blaine,wa,98230,97,1.0
109,c842f3b0624cb5214bbc9e6cfaac9fa1,law advocates,http://www.lawadvocates.org,a9fbae32c593a3cea5ab5bf61b155b4f,law advocates,,,1415 commercial street,,bellingham,wa,98225,98,1.0
110,c842f3b0624cb5214bbc9e6cfaac9fa1,law advocates,http://www.lawadvocates.org,2a91b154cc399d6da68189e24c2d0322,law advocates at bellingham public library,,,210 central avenue,,bellingham,wa,98225,25,0.799998720118525
111,c842f3b0624cb5214bbc9e6cfaac9fa1,law advocates,http://www.lawadvocates.org,59cdf53942d665c6a08eb1eb0b258712,law advocates at whatcom county courthouse,,,311 grand avenue,5th floor,bellingham,wa,98225,8,0.7999984655588124
112,637b9554ed21f341bfbbc798b694a3b1,sea mar community health centers,https://www.seamar.org/,42997020b521478e4f2b88c55a8be5f5,sea mars behavioral health clinic in bellingham,,,3350 airport drive,,bellingham,wa,98226,12,0.7999968217938344
113,637b9554ed21f341bfbbc798b694a3b1,sea mar community health centers,https://www.seamar.org/,2f8130274709c9dc851d4e4770d8f36c,sea mars community health clinic in everson,,,6884 hannegan road,,everson,wa,98247,13,0.7999983444878431
114,637b9554ed21f341bfbbc798b694a3b1,sea mar community health centers,https://www.seamar.org/,fbd24a3bedc92145b7d5d04c147e5188,sea mars youth inpatient treatment center in bellingham,,,1603 east illinois street,,bellingham,wa,98226,14,0.7999856184750799
115,637b9554ed21f341bfbbc798b694a3b1,sea mar community health centers,https://www.seamar.org/,bb1dbb0b2163285b80eef7cd62c538af,sea mars community health clinic in bellingham,,,4455 cordata parkway,,bellingham,wa,98226,14,0.7999863029491245
116,637b9554ed21f341bfbbc798b694a3b1,sea mar community health centers,https://www.seamar.org/,6db4f4df2ce9d11288d10cf7cd26f2a5,sea mars maternal health clinic in ferndale,,,6046 portal way,,ferndale,wa,98248,14,0.7999865124824637
117,637b9554ed21f341bfbbc798b694a3b1,sea mar community health centers,https://www.seamar.org/,b40247717b2130a184ddd1cd5193ee6d,sea mars maternal health clinic in bellingham,,,1764 iowa street,,bellingham,wa,98229,15,0.7999990616015753
118,97878cb0c09b29817c60cab756157caf,planned parenthood,http://ppgnhi.org,a7489ee3b515013095668866e72e85b3,mt. baker planned parenthoods health center in bellingham,,,1530 ellis st.,,bellingham,wa,98225,40,0.7999982237815857
119,2ed56f3bf16c6aab1599bb13eaa48924,lutheran counseling network,http://www.lutherancounseling.net,03cd847e0553b6c0d5903ed68363f35b,lutheran counseling network in bellingham,,,2600 lakeway drive,christ the servant lutheran church,bellingham,wa,98229,41,0.7999963164329529
120,56944adda69c89ba52cd988362938fc2,ideal option,https://www.idealoption.com/,70a47b10bc0a030824bf15ba912404f1,ideal option in bellingham,,,3800 byron avenue,suite 122,bellingham,wa,98229,42,0.7999982237815857
121,a05b5552883682bf15324508f0fa5daa,internal revenue service,https://www.irs.gov/help/contact-my-local-office-in-washington,63dc2dd4608043a0bade9ef5f03ba5ad,internal revenue service - bellingham,,,114 west magnolia street,,bellingham,wa,98225,39,0.7999984622001648
122,c3775d44ecd8c1f2fb2d36c562a0092e,veterans affairs puget sound health care system,http://www.pugetsound.va.gov/,ae588360e421f76aefb894e1b7716690,veterans affairs puget sound health care systems bellingham vet center,,,3800 byron ave,suite 124,bellingham,wa,98229,42,0.7999982237815857
123,a0de3aa79c48486717342eb3ab2dc174,"answers counseling, consultation and case management",https://www.answerscounseling.org/,788d9430633c28cad903022749d701ba,answers counseling and case management in whatcom,,,4101 guide meridian,,bellingham,wa,98226,99,1.0
124,c88ade462061aee8446f8eda62cd87f5,bellingham community meal program,https://www.assumption.org,c77be05da209cf2b2c730610d54a24e3,bellingham community meal program,,,2116 cornwall avenue,,bellingham,wa,98225,43,0.7999971710345549
125,139b67dddf8ffbf8967430f9238a4962,pioneer human services,http://pioneerhumanservices.org,15e132137ce0b9e2947fa20775f59082,pioneer human services whatcom community detox,,,2026 division street,,bellingham,wa,98226,100,1.0
126,27c5b729dc071040f729ceed7fc54633,saint pauls episcopal church,http://stpaulsbellingham.org,48fadc96b07b4bfa0ad633248edaf8d0,saint pauls episcopal church,,,2116 walnut street,,bellingham,wa,98225,101,1.0
127,dc772de1bc19183efbbd50b83ba56361,whatcom-skagit housing,http://www.whatcomskagithousing.com,9c9054178c08827af8e0fbbdf91222b0,whatcom-skagit housing,,,1971 midway lane,suite c,bellingham,wa,98226,102,1.0
128,a68ae4036ba7686b6c8661c9506668d9,whatcom unified emergency coordination center,http://www.whatcomready.org,cd16c1895131ad1ce4f1e1ec873ed470,whatcom unified emergency coordination center,,,3888 sound way,,bellingham,wa,98226,103,1.0
129,4587d5513a1becca6296a8b5f457cf03,wsu extension - whatcom county,https://extension.wsu.edu/whatcom,5920c26c067123a620d2a99cdeb9537d,wsu extension - whatcom county,,,1000 n forest st,suite 201,bellingham,wa,98225,104,1.0
130,2edd5899ee09f6f76d9b00dc6f186d64,meridian school district,http://www.meridian.wednet.edu/,2fe153ef8d77e8aaae3d8d581e312063,meridian school district,,,214 west laurel road,,bellingham,wa,98226,44,0.7999874949455261
131,2edd5899ee09f6f76d9b00dc6f186d64,meridian school district,http://www.meridian.wednet.edu/,e424c08e908f33d3bac612ed81c4c1e0,meridian school districts family resource center,,,954 east hemmi road,,everson,wa,98247,44,0.7999874949455261
132,9badbd54e5a9a65753b27256ce0961c7,ferndale community service cooperative,http://www.ferndalecsc.org,345ef5153e0656e5b7dff3481bf0d9ff,ferndale community resource center,,,5694 2nd avenue,,ferndale,wa,98248,10,0.7999987915194783
133,e188797f1ae2d4ac0bc8186a4935b65f,lynden school district,http://www.lynden.wednet.edu,82597cd677095d9cf47b6651ef69629d,lynden school district,,,1203 bradley road,,lynden,wa,98264,105,1.0
134,1463be0175727949d9a769c9eed9b597,sean humphrey house,http://www.seanhumphreyhouse.org,f828d84d6243f899f1908546a4664dcf,sean humphrey house,,,1630 h street,,bellingham,wa,98225,106,1.0
135,c4b870373d50c0a9fcd730a589d28718,dshs developmental disabilities administration,https://www.dshs.wa.gov/dda,3a25475acd98d78d76a744abe44790e1,dshs - developmental disabilities administration - bellingham field office,,,2219 rimland drive,suite 315,bellingham,wa,98226,34,0.79999840259552
136,f104b3fba141368be140da996a6d1498,bellingham central lions club,http://www.bellinghamcentrallions.org,dd620483e4aea619e921151f54586ea1,bellingham central lions club,,,,,,,,107,1.0
137,f104b3fba141368be140da996a6d1498,bellingham central lions club,http://www.bellinghamcentrallions.org,995f52b49d32c9a7a818a7a00b6cc0d4,bellingham central lions clubs al boe wheelchair warehouse,,,4141 west maplewood avenue,,bellingham,wa,98226,108,1.0
138,f104b3fba141368be140da996a6d1498,bellingham central lions club,http://www.bellinghamcentrallions.org,4651cb5669a096015d98edd3c32cb247,bellingham central lions clubs frank haskell eye clinic,,,800 east chestnut street,suite 3b,bellingham,wa,98225,0,0.7999971803476492
139,8b5013075500ee470bf34ee3160389d2,whatcom family ymca,http://whatcomymca.org,6a5217c4cc418f58ff134dcc5bc3a075,bellingham ymca,,,1256 north state street,,bellingham,wa,98225,109,1.0
140,8b5013075500ee470bf34ee3160389d2,whatcom family ymca,http://whatcomymca.org,7b072f434ef3c74e8bfe0d906981f857,barkley early learning center,,,2415 rimland dr,,bellingham,wa,98226,110,1.0
141,15d17059fd5cba59351094b386e32258,"sunrise services, inc.",https://sunriseservicesinc.com,5c34c65e73fffce67e43fad61232e186,sunrise behavioral health services in bellingham,,,1515 cornwall avenue,,bellingham,wa,98225,32,0.7999984655588124
142,15d17059fd5cba59351094b386e32258,"sunrise services, inc.",https://sunriseservicesinc.com,11a44bbc4b3806efef0969fef64c33b3,sunrise services in bellingham,,,4151 meridian street,suite 12,bellingham,wa,98226,31,0.799996258353424
143,ba71c182ef51b2d4a8114c172c4aaf5c,domestic violence and sexual assault services of whatcom county,http://www.dvsas.org,4ef8db1a776232fc5a8f879d31c31e4b,domestic violence and sexual assault services of whatcom county,,,1407 commercial street,,bellingham,wa,98225,111,1.0
144,d90ffed7767b1ffb3e3f2ae4fd84e3fc,city of bellingham,https://cob.org,22297725c3c3aad18af0eb260406946e,city of bellingham,,,210 lottie street,,bellingham,wa,98225,1,0.79999840259552
145,fbaae5f2d5ffea8239bd4d45048fa150,opportunity council in whatcom county,http://www.oppco.org,d5a85312ba2319238bd8801ee56fa1cb,opportunity council in whatcom,,,1111 cornwall avenue,suite c,bellingham,wa,98225,43,0.7999976087504526
146,fbaae5f2d5ffea8239bd4d45048fa150,opportunity council in whatcom county,http://www.oppco.org,f5e0d9df00c23181d91337f98d4bf561,faith lutheran church,,,2750 mcleod rd,,bellingham,wa,98225,112,1.0
147,fbaae5f2d5ffea8239bd4d45048fa150,opportunity council in whatcom county,http://www.oppco.org,2edd5899ee09f6f76d9b00dc6f186d64,st. pauls episcopal old parish hall,,,2117 walnut street,,bellingham,wa,98225,45,0.7999992370605469
148,377cce16e9389f99ed980e0249aa9efe,volunteer center of whatcom county,http://www.whatcomvolunteer.org,84a2eca22aee013d4f7225bd1d466405,volunteer center of whatcom county,,,1419 cornwall avenue,,bellingham,wa,98225,113,1.0
149,f25e6094008897667de2a6bb97ca80b8,whatcom dispute resolution center,http://www.whatcomdrc.org,b7185bfb306b45ea0f4a0617b1240126,whatcom dispute resolution center,,,206 prospect street,,bellingham,wa,98225,114,1.0
150,b345cf7bfcb20ea317b31fa23d7049d5,northwest regional council,http://www.nwrcwa.org,0b1a378a9817657134153c96e2232705,northwest regional council in bellingham,,,600 lakeway drive,suite 100,bellingham,wa,98225,41,0.7999963164329529
151,76d9342adbc0eb1a88e3060c1d07e818,northwest workforce council,http://www.nwboard.org/,3658911dab9157e7953517d90f8dde2d,northwest workforce development council,,,101 prospect street,,bellingham,wa,98225,37,0.7999984622001648
152,56c6e2a085cf96d6a07f5b2e58026e95,unity care northwest,http://unitycarenw.org,1526eea8e86f52b37bf514bdf6cf85b7,unity care northwests medical childrens dental clinic in bellingham,,,220 unity street,,bellingham,wa,98225,46,0.7999991178512573
153,56c6e2a085cf96d6a07f5b2e58026e95,unity care northwest,http://unitycarenw.org,4a8d859c3ee4bc14154614fdac9e29c3,unity care northwests behavioral health/adult dental clinic in bellingham,,,1616 cornwall avenue,,bellingham,wa,98225,43,0.7999971710345549
154,56c6e2a085cf96d6a07f5b2e58026e95,unity care northwest,http://unitycarenw.org,1de4caacefc54ea0283c349f2da7dbb2,unity care northwests ferndale clinic,,,6060 portal way,,ferndale,wa,98248,47,0.7999993562698364
155,10f211c9a64056b3ffe1f621460c86b3,whatcom council on aging,https://whatcomcoa.org,bfd25fc820457b0420c4ba33c26d811d,whatcom county council on agings bellingham senior services,,,315 halleck street,,bellingham,wa,98225,115,1.0
156,f55703cc33d5f96657433e0c910e6419,united way of whatcom county,http://www.unitedwaywhatcom.org,6fe4e8f9ac9d19559bb2fcd293496171,united way of whatcom county,,,1500 cornwall avenue,suite 203,bellingham,wa,98225,24,0.7999977484472174
157,e62146faae9391ae688405fe6fc16545,foothills food bank,http://www.foothillsfoodbank.org,a6734ad8c6256e19a4c2b2240c86618a,foothills food bank,,,8255 kendall road,,maple falls,wa,98266,48,0.7999966929629669
158,e62146faae9391ae688405fe6fc16545,foothills food bank,http://www.foothillsfoodbank.org,e0102bf20b196e94e638ba17ff6392ea,east whatcom regional resource center,,,8251 kendall road,,sumas,wa,98295,48,0.79999591687516
159,f555819cd981de6eadde6be683ba1a9c,whatcom community college (wcc),http://whatcom.edu,1913d54bda98aa5f0fd3c92ef216e626,whatcom community college,,,237 w kellogg rd,,bellingham,wa,98226,116,1.0
160,d8f345cf7f99bad0e4b90a1d0d31701e,whatcom county,http://www.co.whatcom.wa.us,342c9a733fdaa96fc0d22053d99dec20,whatcom county,,,311 grand avenue,,bellingham,wa,98225,8,0.7999983687020311
161,d8f345cf7f99bad0e4b90a1d0d31701e,whatcom county,http://www.co.whatcom.wa.us,9ad2b22a49542bae2c872ebd3b15bc9f,toxic waste disposal site,,,3505 airport drive,,bellingham,wa,98225,12,0.7999952991114183
162,d8f345cf7f99bad0e4b90a1d0d31701e,whatcom county,http://www.co.whatcom.wa.us,2cae3505105be1a5ffd0c467743e9c18,whatcom county public defender,,,215 north commercial street,,bellingham,wa,98225,11,0.7999969754596763
163,3a2e0980b16f19775c51dac064a7ca24,whatcom transportation authority (wta),http://www.ridewta.com,c848915b67192d4ccfdd339ab193a0d8,whatcom transportation authority,,,4111 bakerview spur,,bellingham,wa,98226,117,1.0
164,d004e07f43ed773db565f950d98271bb,ywca of bellingham,http://www.ywcabellingham.org,9e651214c29c8a5b9f84a9565ed39d91,ywca of bellingham,,,1224 north state street,,bellingham,wa,98225,118,1.0
165,5015e5e3bba4e4b1cfe288e60d760bab,usda,,aef3f2eff627a3636a64365be13c8ff1,growing veterans,,,6458 martin place,,lynden,wa,98264,119,1.0
166,5015e5e3bba4e4b1cfe288e60d760bab,usda,,44e6eb6681e3cb4c9acab2460b46671a,cloud mountain farm center incubator farm program,,,6906 goodwin road,,everson,wa,98247,120,1.0
167,5015e5e3bba4e4b1cfe288e60d760bab,usda,,f8a435438b365b4457befcbeb83129bd,community food co-op farm fund,,,1220 north forest street,,bellingham,wa,98225,121,1.0
168,5015e5e3bba4e4b1cfe288e60d760bab,usda,,d5bda287b0bd58a1e93a983888e0f903,sustainable connections,,,1701 ellis street,suite 221,bellingham,wa,98225,122,1.0
169,20907f797ed120d4a081af4a34338bcb,north sound cooling centers,,376265117ddd056fe39913bea605d179,bellingham central library,,,210 central avenue,,bellingham,wa,98225,25,0.7999990553927874
170,20907f797ed120d4a081af4a34338bcb,north sound cooling centers,,5ea337ed4ff22ef4d1e2a47d75425d53,bellingham library - fairhaven branch,,,1117 12th street,,bellingham,wa,98225,26,0.799999475479126
171,20907f797ed120d4a081af4a34338bcb,north sound cooling centers,,61ecc39aee2faa69901f0e48d320286d,bellingham library - barkley branch,,,3111 newmarket street,suite 103,bellingham,wa,98226,27,0.799999475479126
172,20907f797ed120d4a081af4a34338bcb,north sound cooling centers,,f34f0764648698310969e105b6d00778,north fork library,,,7506 kendall road,,maple falls,wa,98266,123,1.0
173,20907f797ed120d4a081af4a34338bcb,north sound cooling centers,,ba6ab08c164ff6c322e06b3792518c8a,sumas library,,,461 2nd street,,sumas,wa,98295,124,1.0
174,20907f797ed120d4a081af4a34338bcb,north sound cooling centers,,cd208e1b85f8626f19d99feedd6bac06,lynden library,,,216 4th street,,lynden,wa,98264,125,1.0
175,20907f797ed120d4a081af4a34338bcb,north sound cooling centers,,9a21ed3fb603fdef7b7b41907657ca5f,deming library,,,5044 mount baker highway,,deming,wa,98244,126,1.0
176,20907f797ed120d4a081af4a34338bcb,north sound cooling centers,,89694936705b6ea252212922acdabd8d,base camp,,,1530 cornwall avenue,,bellingham,wa,98225,24,0.7999985804210816
177,20907f797ed120d4a081af4a34338bcb,north sound cooling centers,,5d320a847f82599041450ea9a4008319,lynden community and senior center,,,401 grover street,,lynden,wa,98264,127,1.0
178,20907f797ed120d4a081af4a34338bcb,north sound cooling centers,,fc2129e95ffacc61cdab80c6cfddd7b3,ferndale city hall,,,2095 main street,,ferndale,wa,98248,128,1.0
179,20907f797ed120d4a081af4a34338bcb,north sound cooling centers,,47fd1b552165c9c3369148df8106ce16,east whatcom regional resource center,,,8251 kendall road,,maple falls,wa,98266,48,0.7999985214377459
180,20907f797ed120d4a081af4a34338bcb,north sound cooling centers,,4ad733a70822b4dd15cc986f136f274a,ferndale library,,,2125 main street,,ferndale,wa,98248,129,1.0
181,8e2166a94e03edee8f705c87ba8aef6d,opportunity council - east whatcom regional resource center,https://www.oppco.org/ewrrc,a8ffc71a17e720811c4febec956d3afe,east whatcom regional resource center,,,8251 kendall road,,maple falls,wa,98266,48,0.7999978633090747
182,2bdff5f988bd3ebc72980d92f986fb78,acme elementary school,https://www.mtbaker.wednet.edu/o/acme,8aae1e860daafa49872520a65973b0c8,"5200 turkington rd, acme",48.71876,-122.208755,5200 turkington rd,,acme,wa,98220,130,1.0
183,f56e2179960e8f642885a4af932ca743,kids in motion therapy clinic,,7ea717ff7394d569775d699c8cf89966,"4152 meridian st suite 105, bellingham",48.792046,-122.4852,"4152 meridian st,suite 105",,bellingham,wa,98226,131,1.0
184,65b938457f745b95131c1967b7d30783,max higbee center,,b269103e354b3b03179f87ebef056931,"1210 bay st suite 102, bellingham",48.75023,-122.48185,"1210 bay st,suite,102",,bellingham,wa,98225,132,1.0
185,aee8012279d0a4e3afe7d5e8cbe54131,blaine food bank,https://www.blainefoodbank.org/,fc4437e68335414ad55e49d4a3d8afb1,"500 c st, blaine",48.99955,-122.745895,500 c st,,blaine,wa,98230,17,0.7999979853630066
186,f2200952b88c4eddeeba62b0f790422d,faces northwest,,848104ab6427625302efa01590952285,"po box 30943, bellingham",48.77,-122.46,po box 30943,,bellingham,wa,98228,133,1.0
187,ba69fc6a3023056a56cda42b25725537,squalicum high school,,f916020e569bb5c05726a7c3d2875766,"3773 e mcleod rd, bellingham",48.784336,-122.42304,3773 e mcleod rd,,bellingham,wa,98226,134,1.0
188,0509b21d416ba4b3579df93c37a1a103,sehome high school,,1b83ce2df00d6dfd77b1444d3e016a65,"2700 bill mcdonald pkwy, bellingham",48.72738,-122.48148,2700 bill mcdonald pkwy,,bellingham,wa,98225,135,1.0
189,42533b1a05fae18c40e370fe38e3cb9d,nooksack valley school,,0959aede3666b053da49da92127668ff,"3326 e badger rd, everson",48.96464,-122.30782,3326 e badger rd,,everson,wa,98247,3,0.7999971508979797
190,177086cf748eaf092dee814821722e9f,whatcom county health department,https://www.whatcomcounty.us/360/health-department,45ba03ae8b1aaa1ca22198ef1674393b,"1500 n state st, bellingham",48.750492,-122.47331,1500 n state st,,bellingham,wa,98225,6,0.7999875229018693
191,21a00b927668fabaea00dc845bac279b,blaine school district - play learn group,,f0eb7d6124ad6e8b8eece087b6d4e1d8,"birch bay bible community church, blaine",48.907738,-122.72571,4460 bay rd,,blaine,wa,98230,136,1.0
192,697b5b53f6af4744e67a3d899ae76221,project hope,https://www.projecthopelynden.org/project-hope-food-bank/,df641cbbb77d43154118538f57dc59be,"205 s bc ave, lynden",48.93826,-122.462715,205 s british columbia ave,,lynden,wa,98264,19,0.7999967333196153
193,489f042af0934f3337083a2a1e2e797d,bellingham unitarian fellowship - humanitas ministry,https://www.humanitasministry.org/,d00e41a70fbd645bd6e3fff25bfe0698,"1207 ellsworth st, bellingham",48.758976,-122.486084,1207 ellsworth st,,bellingham,wa,98225,137,1.0
194,52b80e41b99ccf15d4bfc6663c74790d,foothills food bank (saint peters church),,72660ef380453e6d33e84f5b6c2bc958,"east whatcom regional resource center, maple falls",48.93991,-122.151596,"east whatcom regional resource center,8255 kendal road",,maple falls,wa,98266,138,1.0
195,f6acb94a50f880d6fdf28d3fbb571565,laurel community baptist church,,154b6f1b64ff813c335b0e3afecb8ec1,"162 w laurel rd, bellingham",48.855644,-122.489365,162 w laurel rd,,bellingham,wa,98226,28,0.7999993562698364
196,0cddfc469b88101156a50899bd8740b0,harmony elementary school,https://www.mtbaker.wednet.edu/o/harmony,bbcf7876416b9391f6508183716a8d91,"5060 sand rd, bellingham",48.8244,-122.33079,5060 sand rd,,bellingham,wa,98226,139,1.0
197,c2c9b5f66a3a3ecda01c45060416b826,kendall elementary school,https://www.mtbaker.wednet.edu/o/kendall,4eea9ccb816de2786cebe50a50d785b0,"7547 kendall road, maple falls",48.91631,-122.141685,7547 kendall rd,,maple falls,wa,98266,140,1.0
198,04935b5c57030b279cce356a94d55fa6,whatcom county dental resource list,,bd4b4353dbc24a779105da1ab066a815,"800 e chestnut ll suite 2, bellingham",48.743736,-122.47336,800 e chestnut ll suite 2,,bellingham,wa,98227,141,1.0
199,1069751e6354d7a8bd656755dd72f7c2,ferndale school district,,2469155057483da8e9ec78d85f145bc7,"early learning center, ferndale",48.8465,-122.591,"early learning center,5275 nw dr,26",,ferndale,wa,98248,142,1.0
200,ce0240445cf3117e0ef37b46ec196b1a,nooksack valley food bank,,6adfe29790583f1f99217a945570a844,"everson presbyterian church, everson",48.921234,-122.34225,204 n washington,,everson,wa,98247,143,1.0
201,3210cadfed258e357a8affce64459014,satellite food bank at christ the king community church,,87bc08c598057629fca56f42c98d90a3,"4173 meridian st, bellingham",48.790524,-122.48794,4173 meridian st,,bellingham,wa,98226,22,0.7999991733597911
202,6fa15bfc2238df7981ead768874646b4,whatcom taking action,https://whatcomtakingaction.org/,496c773b9e126f8972501f663405e390,"1111 cornwall ave, bellingham",48.748093,-122.482315,1111 cornwall avenue,,bellingham,wa,98225,43,0.7999976087504526
203,975ad8733695da36882ed234244da64b,washington hands and voices,,750e4db5e60143c1ecf39cb2621f3fab,"2950 newmarket st suite 101-124, bellingham",48.770824,-122.44327,"2950 newmarket st,suite 101-124",,bellingham,wa,98226,144,1.0
204,05f50a7203ba89f50e20166d5ee2f0e6,lydia place,https://lydiaplace.org/,8d56bd383e9170b42513dece77fdc8f0,"1701 gladstone st, bellingham",48.749203,-122.45303,1701 gladstone street,,bellingham,wa,98229,16,0.7999983429908752
205,641b9b54a7ef37ef16060c1540fcfc57,bellingham parks recreation,,5db59e23eb98cc360dae52ea1b925300,"3424 meridian st, bellingham",48.776733,-122.48532,3424 meridian st,,bellingham,wa,98225,145,1.0
206,d035842fea5d62c4aea36d60e6b80a61,hillcrest church,,ae4ec210a4d9d0c9f0228802c6855bda,"1504 larrabee ave, bellingham",48.71824,-122.49812,1504 larrabee ave,,bellingham,wa,98225,146,1.0
207,16a0f21343ad558c4fc1286350372a7a,northwest regional council,,9bf109e1c6a9a3daa52fb9c84fc0e031,"600 lakeway dr suite 100, bellingham",48.744602,-122.46728,"600 lakeway dr,suite 100",,bellingham,wa,98225,147,1.0
208,e98be01658651e72b2f6fd350b02c260,rebound families (whatcom county),,90dadb9b59442a0e8445ced024f2be72,"316 e mcleod rd suite 102, bellingham",48.782993,-122.4822,"316 e mcleod rd,suite 102",,bellingham,wa,98226,148,1.0
209,da4b1575085611dbb43f5f5cf0d9acd4,point roberts food bank,,230cf4116aa665912c053479f8a582c4,"1480 gulf rd, point roberts",48.98497,-123.074265,1480 gulf rd,,point roberts,wa,98281,149,1.0
210,6c5a4b13e350bd63f8d23f16c728e30b,bellingham public library,,ee797baa5aa6ddaebbb3c43ff584cb7d,"210 central ave, bellingham",48.754234,-122.478806,210 central ave,,bellingham,wa,98227,25,0.7999982420432342
211,6a0cf0e13d35e17d093777d4cccffa22,ferndale community service cooperative - resource center,,cb48a2a6cedc3a4d9cb4c044caa76dec,"5694 2nd ave., ferndale",48.84713,-122.59036,5694 2nd ave,,ferndale,wa,98248,10,0.7999991454202313
212,ca431197bedafd2b96446b467878c3eb,satellite food bank at alderwood elementary,,ea68ab74450c41daf79784c4d2c10fd0,"3400 hollywood ave, bellingham",48.778625,-122.527,3400 hollywood ave,,bellingham,wa,98225,150,1.0
213,5dba160e7ff462a7034dc955b8ebeca8,bellingham technical college,,6e946b53524e80a188b683b9471550f6,"3028 lindbergh ave, bellingham",48.765873,-122.512436,3028 lindbergh ave,,bellingham,wa,98225,2,0.7999991774559021
214,60420fd6e4ca6cf9db3aa32f63b225be,st. paul episcopal church - alms ministry,,80a7a6ae2433b309ce364bae6e58ff6f,"2117 walnut st, bellingham",48.758587,-122.49222,2117 walnut st,,bellingham,wa,98225,45,0.7999992370605469
215,e080f22de377af507ee206701ed3f443,hope house,,1b262ab75d44be6515e3fdee0fc54bb9,"207 kentucky st, bellingham",48.757965,-122.47301,207 kentucky st,,bellingham,wa,98226,18,0.7999981641769409
216,6e7d046ba27a1cd26544fbe12e765f7b,lummi tribal health center,https://www.lummi-nsn.gov/website.phppageid433,00dfa5d839e42dfdd3f3123130311ba5,"2592 kwina rd, bellingham",48.794563,-122.62138,2592 kwina rd,,bellingham,wa,98226,30,0.7999973293572159
217,0edc748e4d5c4656412651f85be12261,down syndrome outreach of whatcom county,,f125d44836c6943ce81365c2204cf6cf,"2602 mcleod rd, bellingham",48.782776,-122.49186,2602 mcleod rd,,bellingham,wa,98225,38,0.7999990584971813
218,b629027f1540a9d58770192aad614253,ferndale food bank,,9ddc46cd22e8cc188a4054107b19ab97,"1671 main st, ferndale",48.846813,-122.57168,1671 main st,,ferndale,wa,98248,33,0.7999990582466125
219,5770e658e8afc2c6587b0614feba94f6,nooksack medical clinic (everson),,446546110ff4dc96192dadb094c21370,"2510 sulwhanon dr, everson",48.88575,-122.35167,2510 sulwhanon dr,,everson,wa,98247,151,1.0
220,2469155057483da8e9ec78d85f145bc7,bellingham food bank,https://www.bellinghamfoodbank.org/,be32c4e12aadc05025b73769f8d09e7c,"1824 ellis st, bellingham",48.754753,-122.47175,1824 ellis st,,bellingham,wa,98225,21,0.7999981023461247
221,c6c2d75808afed7702b708516be39d90,sendan center,,3c9f989956df90cb4b680bca068174bf,"sendan center is moving our new address: 4201 meridian st. suite 113 bellingham, bellingham",48.79422,-122.48761,"4201 meridian st,suite",,bellingham,wa,98226,152,1.0
222,0fbd63f7f747e32548ed56881dc4eeaa,opportunity council (whatcom san juan),https://www.oppco.org/,5505e59ed0f2d640f32b1ea59028671c,"community resource center, bellingham",48.748093,-122.482315,"1111 cornwall ave,suite c",,bellingham,wa,98225,49,0.799996554851532
223,432e53946bd6505d7ca4ea3330dd78b8,sacred heart church / st vincent de paul (bellingham),,1d286b73af0413d9a7f3b0d558982e90,"1110 14th st, bellingham",48.72215,-122.50014,1110 14th st,,bellingham,wa,98225,5,0.7999991774559021
224,b3893c5fa0ee6fcf3b26c45edeb9162e,salvation army (bellingham),,d977b6b66e4909ab9e1af6bce7cbc7c8,"2912 northwest ave, bellingham",48.7691,-122.490555,2912 northwest ave,,bellingham,wa,98225,36,0.7999991733597911
225,fa6a6a82600244366a94bea9f43b53aa,arc of whatcom county,,5b713de84fbdf3c515c04a4edeb5beb4,"dan godwin community center, bellingham",48.782776,-122.49186,2602 mcleod rd,,bellingham,wa,98225,38,0.7999990367664247
226,36bdb16d1145d23f9c86ceff4dfe6cac,catholic community services (whatcom county),,fbff5e1858a2a4d10c6dcc064e1e0129,"whatcom county family center, bellingham",48.7481,-122.480255,"1133 railroad ave, 100",,bellingham,wa,98225,20,0.7999973893165588
227,3511fe1126606cace190fffd7e4ec6a4,compass health (bellingham - mcleod rd),,c132549e088e48ed5368b86f4e145188,"3645 e mcleod rd, bellingham",48.782646,-122.42799,3645 e mcleod rd,,bellingham,wa,98226,153,1.0
228,5faee63e971e46f0aaac8ff552478e82,sea mar community health center (everson),https://www.seamar.org/whatcom-medical-everson.html,ddf94efa992a15dfd4af35d2e8bba284,"6884 hannegan rd, everson",48.89156,-122.442184,6884 hannegan road,,everson,wa,98247,13,0.7999983444878431
229,e80cf750b0ecddaa32a95d79699a00fa,sea mar community health center (downtown bellingham wic),,47e228ebfd5ebe75ca032e0111ca219b,"1764 iowa st, bellingham",48.75623,-122.45154,1764 iowa st,,bellingham,wa,98229,15,0.7999990616015753
230,8c9921996e2881a406978c8e417eefc0,sea mar community health center (ferndale),,e4a8b5d4227d38d881c367b1b6d84e88,"6046 portal way, unit 201, building 101, ferndale",48.86074,-122.58372,"6046 portal way,unit, 201, building 101",,ferndale,wa,98248,154,1.0
231,85d66641ca58ee25b2faa7bb583f1ebe,sea mar community health center (bellingham),https://www.seamar.org/whatcom-medical-bellingham.html,6bd956cc4b7cf146cf88e6db8db0f1ae,"4455 cordata pkwy, bellingham",48.8017,-122.49683,4455 cordata pkwy,,bellingham,wa,98226,155,1.0
232,510d5f03f03e833dd9aa320102055d82,sea mar community health center (bellingham behavioral),https://www.seamar.org/whatcom-bh-bellingham.html,5dafdf7b40b8bf8516eb10024dda7b77,"3350 airport dr, bellingham",48.786324,-122.522766,3350 airport drive,,bellingham,wa,98226,12,0.7999968217938344
233,b990775e7f624e99dda890d9fda09525,early intervention services (whatcom county),,1a0cf192902c333d9192f070717da888,"opportunity council, early learning family services, bellingham",48.748093,-122.482315,"1111 cornwall ave,ste 200",,bellingham,wa,98225,49,0.799996554851532
234,f520987d628b5b703c5d238ee8d4f15d,parent to parent (whatcom),,f2d7275405746b9b99c4e5e6827eb299,"2602 mcleod rd, bellingham",48.782776,-122.49186,2602 mcleod rd,,bellingham,wa,98225,38,0.799999077123546
235,af1752cf7b92d7cacd7faab7df2c1bc9,whatcom center for early learning (lynden),,0a46eed861c9c6d2f985843eededaa6a,"main city church, lyden",48.946804,-122.48245,1986 main st,,lyden,wa,98264,156,1.0
236,2fcde9c701f8765b19e4089dcb572b68,whatcom center for early learning (ferndale),,36552adaba3999ba8b1df5aede16c46f,"205 cherry st, ferndale",48.84443,-122.59346,"205 cherry st,5534 2nd ave",,ferndale,wa,98248,157,1.0
237,f9b05f5ffdafa54dcc3c31544a4d8084,planned parenthood (bellingham),https://www.plannedparenthood.org/health-center/washington/bellingham/98225/bellingham-health-center-2454-91780,6f9dddbe45844bccecc9ac6beea4a153,"1530 ellis street, bellingham",48.75044,-122.47126,1530 ellis st,,bellingham,wa,98225,40,0.7999982237815857
238,08a6c1f1556e5d00fc5934bfe4130ac6,food lifeline mobile food program in maple falls,,899e1123df7760b4c8e9d6ce5683752c,"8251 kendall rd, maple falls",48.940117,-122.15182,8251 kendall rd,,maple falls,wa,98266,158,1.0
239,857aff3b802d1a32542201ea1caf7fc6,"hearing, speech and deaf center (bellingham)",,895c99db79fc2cb3d60c7867d62a1722,"bellingham crown plaza, bellingham",48.751495,-122.47804,"114 w magnolia st,suite 106",,bellingham,wa,98225,159,1.0
240,e8510810b73c2d9b2c860cef98b8150e,brigid collins family support center (bellingham),,868685218f47fff62ee751762d6a55dd,"1231 n garden st 200, bellingham",48.747147,-122.47559,"1231 n garden st,200",,bellingham,wa,98225,160,1.0
241,7f3285ced98850442a8a75b671c226b4,unity care nw (point roberts clinic),,b6247bb362b4992ad2432bb5cef798da,"2030 benson rd, point roberts",48.988823,-123.04401,2030 benson rd,,point roberts,wa,98281,161,1.0
242,e27415d3cba7068ca10efddaee43f19b,unity care nw (ferndale health center),,4801e47e89ef3e76ac28d8b17d4ccf38,"6060 portal way, ferndale",48.861275,-122.58321,6060 portal way,,ferndale,wa,98248,47,0.7999993562698364
243,0529e6c939d431e5b4303fcfcce04acd,"unity care nw (bellingham, cornwall ave)",,5d8c1c69d4a783a0d882947c4eb8c13d,"1616 cornwall ave. ste. 205, bellingham",48.75362,-122.47465,"1616 cornwall ave,ste. 205",,bellingham,wa,98225,162,1.0
244,6819cb694da378c6203de37176a986c2,unity care nw (bellingham health center),,40dd55a128da074eb2ce573b0786c325,"220 unity st, bellingham",48.753635,-122.47612,220 unity st,,bellingham,wa,98225,46,0.7999991178512573
245,5de0d3df661d6a3b71ebd00c597a02c0,assessment and treatment associates (bellingham),https://www.assesstreat.com/bellingham/,4bcadfc9a23d25757a396462cf4e115b,"1752 iowa street, bellingham",48.75623,-122.45155,1752 iowa st,,bellingham,wa,98229,163,1.0
246,df777b310d1d2e98dac339610225e121,belair clinic,https://www.belairclinic.com,351fc4a2c3c574a0052f275d9538ff72,"1130 north state street, bellingham",48.746574,-122.47918,1130 n state st,,bellingham,wa,98225,164,1.0
247,153d5b0e27aac9dce9c5bb0780140539,bridges treatment and recovery (bellingham),https://www.bridgestreatment.com,6f8fb2bc827f40c58d4af182a0673d0d,"1221 fraser street, bellingham",48.752213,-122.458694,"1221 fraser st,suite e-1",,bellingham,wa,98229,50,0.7999842166900635
248,c37caada0542c22e1c2251a4e87a82a7,bridges treatment and recovery (ferndale),https://www.bridgestreatment.com,d5efd61f3ff754bfb271ef5df9d8d035,"6044 portal way, ferndale",48.86074,-122.58407,"6044 portal way,103",,ferndale,wa,98248,50,0.7999842166900635
249,82a20fa5edd54a7ae2447e4fcb219828,lake whatcom residential treatment center,https://lwrtc.org/services/medical-services/,15af830a534f384b2e3604b4ae82a0f4,"3600 meridian st, bellingham",48.779087,-122.4857,3600 meridian st,,bellingham,wa,98225,35,0.7999981675380969
250,b2deadfeed40efe829bcd1a0bff93f12,lummi care,https://www.lummi-nsn.gov/website.phppageid671,0c47767855354d43ed2809cca939bdff,"2694 kwina road, bellingham",48.795227,-122.62456,2694 kwina rd,,bellingham,wa,98226,165,1.0
251,09f52f8f4172b0876578c593ec08ca00,nooksack tribe (genesis ii),https://nooksacktribe.org/departments/health/alcohol-chemical-dependency/,b7d77ac93548be306d815f1eb05b5b46,"2505 sulwhanon drive, everson",48.885113,-122.347946,"2505 sulwhanon drive,modular building a",,everson,wa,98247,166,1.0
