number,locations,location_id,services,service_id,organizations,organization_id,contacts,contact_id,extension,type,language,description,id,schedule,schedule_id
(360) 312-2420,,,,,,,,,,,,,recgMbX6u4hbdzJp0,,
1-800-860-6812 or TTY (360) 676-6749,,,,,,,,,,,,,rechqvEXG2FCyim78,,
(360) 676-6724 ext. 32243,,,,,,,,,,,,,reciaYZBfGmYhgeKG,,
(360) 676-2187,,,,,,,,,,,,,recJnjbVXkeOD8S6Y,,
(360) 738-2459,,,,,,,,,,,,,recMIimgUSFblqqU1,,
(360) 540-5288,,,,,,,,,,,,,recMwRNTFOL9frYOE,,
(360) 778-8300,,,,,,,,,,,,,recNhGzr0xOA0P1bk,,
1-888-225-5773,,,,,,,,,,,,,recRECB2BKQxK0Xfn,,
(360) 380-6636,,,,,,,,,,,,,recREWkQ63nLyHobM,,
(360) 650-3240,,,,,,,,,,,,,recRMCA1dHFnFirpv,,
(360) 734-9862;  24 hr. crisis hotline: 360-393-0116,,,,,,,,,,,,,recTeul54upMMiizK,,
(360) 398-1761,,,,,,,,,,,,,recUT2ynXgckvS8jM,,
(360) 676- 6749,,,,,,,,,,,,,recV3sgoHYf5W8pTf,,
(360) 383-3135,,,,,,,,,,,,,recWBRlaYJivoeDZj,,
(360) 383-3180,,,,,,,,,,,,,recXQ61NndGJUALyA,,
(360) 383-3846,,,,,,,,,,,,,recXlME2geutJKyvn,,
(360) 733-3796,,,,,,,,,,,,,recZs0w75NgEG8mfg,,
(360) 676-1848  fax (360) 671-1636,,,,,,,,,,,,,recZyFnuVBcL0O20C,,
(360) 752-8450,,,,,,,,,,,,,rec32Ihd3Dngd2j18,,
(360) 733-5120 ext. 0,,,,,,,,,,,,,rec4LlkjUUcHFSOgn,,
(360) 650-3881,,,,,,,,,,,,,rec4BYQahwhhjq4nW,,
(360) 671-5714,,,,,,,,,,,,,rec7Z7zpI11uycPuS,,
(360) 383-3060,,,,,,,,,,,,,rec7i3Pg4CyZrzArD,,
(206) 764-2564,,,,,,,,,,,,,rec8C9qCA8DyimGkU,,
(360)778- 6051,,,,,,,,,,,,,recjScn8snxB8034e,,
(360) 393-5514,,,,,,,,,,,,,reckczel9gI8G5ogj,,
(360) 734-2330,,,,,,,,,,,,,reckmzKATv2A2U0ol,,
(360) 733-3970,,,,,,,,,,,,,reclzgAJmMTEXHFVG,,
(360) 778-5900,,,,,,,,,,,,,recp2QId4TPeMH6LC,,
1-888-522-1130,,,,,,,,,,,,,recpRGZ460t8Rqa8t,,
(360) 650-3184,,,,,,,,,,,,,recvgWGixrJT9z9dz,,
1-800-747-8654 (Veterans of America),,,,,,,,,,,,,recyz8ALgsi68qrKJ,,
(360) 738-4554,,,,,,,,,,,,,recE5vRVtwFnQ28u3,,
(360) 734-5121 ext. 172,,,,,,,,,,,,,recEjFqOytDxYIjwg,,
(360) 778-6047,,,,,,,,,,,,,recHp6sbW7q8Ed1RF,,
(360) 752-8349,,,,,,,,,,,,,recI7Af8MF1GQPkqS,,
1-800-606-4819,,,,,,,,,,,,,recIWcOsheJaX8wfA,,
(360) 778-7290,Bellingham Public Library Barkley Branch,recfQJFd1jOYzGZ7M,,,,,,,,,,,recLtTl3ukKQk4XOY,,
(360) 778-7188,Bellingham Public Library Fairhaven Branch,recNKoWIhIX6tkaz3,,,,,,,,,,,recDazyWq1krXQtVf,,
(360) 305-3637,Blaine Library,reccnrX6G9gzJaqJg,,,,,,,,,,,recyoXJIDAmh3qkj6,,
(360) 676-5085,Carl Cozier Elementary School,recLXnLjGb04w060W,,,,,,,,,,,receeLWrlle2v3HRC,,
(360) 592-2422,Deming Library,recKOhsOL9EJLPsgt,,,,,,,,,,,recK26o31T5puDsd0,,
(360) 812-4940,DSHS Home and Community Services Office,recNIwXXXKCspwafW,,,,,,,,,,,recWvZd0E3X02tY0V,,
(360) 966-5100,Everson Library,recaCa2dWt6HIhApJ,,,,,,,,,,,recaY7yJ7dslrquDO,,
(360) 384-3647,Ferndale Library,rec83sWvihhL1npE4,,,,,,,,,,,recjLr5CRyHSqPQ8r,,
(360) 758-7145,Island Library,recJhMsDNQxFoNtNM,,,,,,,,,,,recIkzBWpLAolibKt,,
(360) 354-4883,Lynden Library,rececZBNbdde9S8un,,,,,,,,,,,rectgz5jD2CPu4VJO,,
(360) 599-2020,North Fork Library,recNkSEnqS3v8aYzK,,,,,,,,,,,reckKwTfSMUsK98Qw,,
(360) 788-8388,PeaceHealth Same-Day Care at Fairhaven Plaza Clinic,recucNtaaaEgx3nzE,,,,,,,,,,,recwqNfBNqJP6p12o,,
(360) 945-6545,Point Roberts Library,receEKvGVc30wwl9c,,,,,,,,,,,recAVTdi7IwFKk5xI,,
(360) 305-3632,South Whatcom Library,recliChaaabzFCPlJ,,,,,,,,,,,recg1ooBkSu0xEu6E,,
(360) 988-2501,Sumas Library,recTOOu5QbeWSiOGx,,,,,,,,,,,recc5PEBXrLDvqoCf,,
(360) 752-7406,Unity Care NW Bellingham Pharmacy,recuWuETnxqL71xrY,,,,,,,,,,,recLKgsj1EdEci2Gj,,
(360) 778-6102,Whatcom County Health Department - State Street,recYvoWMV4zK72ick,,,,,,,,,,Family and Child Services Phone,rec9HowCirXY5NxsK,,
(360) 393-8738,,,,,,,Bellingham Public Schools Homeless Liaison,recspQ7EvvkPjZbcU,,,,,recTDa7ghd9g0IblQ,,
(360) 306-2462,,,,,,,Bellingham Public Schools Homeless Liaison,recspQ7EvvkPjZbcU,,,,,recBl5YvVSmadIV8N,,
(360) 303-1588,,,,,,,Bellingham Public Schools Homeless Liaison,recspQ7EvvkPjZbcU,,,,,rec4hHMfj68b5bGYw,,
(360) 332-0740,,,,,,,Blaine School District Homeless Liaison,recctfnIoHA9NVl9w,,office,,,recXFX3eI6UFcwrlE,,
(360) 383-9432,,,,,,,Ferndale School District Homeless Liaison,recaSPWwyy2UUw1UY,,,,,rec2qkQyGv6Mvz7fb,,
(360) 758-4337,,,,,,,Lummi Nation School Homeless Liaison,recpBzgkBo86itnS0,,office,,,recpXChNhOW2ELZBi,,
(360) 354-1549,,,,,,,Lynden School District Homeless Liaison,recthHnE1kn8aBHOC,,,,,reccut6jn9LvwKY7k,,
(360) 318-2486,,,,,,,Meridian School District Homeless Liaison,rec7fjLjIKDIXy52k,,,,,reccNQPL7BB50k4Ng,,
(360) 617-4511,,,,,,,Mount Baker School District Family Services Coordinators,reclHDqngV42uy4Hj,,,,,recW5GPO1F6B03o5J,,
1-877-734-6277,,,Adult Protective Services,recOvRmqVkKJwUq9S,,,,,,,,24 hr hotline,recsrTm4lS1A8GCHb,,
(360) 676-6456,,,Bellingham Family Resource Centers,rec1wq5iiGhDsXfFM,,,,,,,,,recbOm1cx84GiqcDU,,
(360) 332-0740,,,Blaine Family Service Center,recYSHMxIdyK7m1rH,,,,,,,,Text,recOlMLnpd8IVORE2,,
(360) 599-5837,,,Blaine Family Service Center,recYSHMxIdyK7m1rH,,,,,,textphone,,,recwLcmbv8z49WWnV,,
1-866-END-HARM (363-4276),,,Child Abuse Hotline,rec2EwTFYcgOjGyhV,,,,,,,,,recA5MGSsLxD2KFPs,,
(866) 829-2153,,,Child Abuse Hotline,rec2EwTFYcgOjGyhV,,,,,,,,,recZ16YnGVjeRXMJe,,
1-800-446-1114,,,Child Care Aware of NW Washington,recdwiBfwj4N45Vj0,,,,,,,,,rec8mA4tvaPJk7maS,recR4nnwucMaKRN4A,recR4nnwucMaKRN4A
(360) 734-8396 ext. 1426,,,Child Care Nutrition Program,recaYPPrUyLqlssAM,,,,,,,,,recWWHKoSswDBoAn6,,
"(360) 676-6470, ext. 4408",,,Child Find Preschool Screenings (BPS),recL5Th9WSChHh0yc,,,,,,,,,rec5IWO9tUUsUb71W,,
(360) 383-9660,,,Child Find Screenings (BSD),recIHL3K0O7uadcu5,,,,,,,,,recuejUkgPPx0ph0o,,
(360) 383-9660,,,Child Find Screenings (FSD),rec5ss9GOHurmnQrl,,,,,,,,,recIdjI0dh3NJyNSC,,
(360) 354-2893 ext. 3,,,Child Find Screenings (LSD),rectWba2CssQIALfY,,,,,,,,,recIOk3dNGgwrTPDz,,
(360) 383-2012,,,"Mt. Baker Educational Resource Center,Child Find Screenings (MBSD)","recautfI9XE1i6IcW, recRvWEOs6wLQZnnT",,,,,,,,,recPFRgc8r3gzxUra,,
(360) 988-4754,,,Child Find Screenings (NVSD),recmGPSVqoNmxUTj9,,,,,,,,,rec1UeCIrkAyWScel,,
(360) 594-6700,Bellingham DCFS Office,recP4GGsJY0XWmnch,Child Protective Services,recpsDQcHNFDR6l1D,,,,,,,,,rec5HJd5RdWp5g4wJ,,
(360) 734-5121 ext. 1020,,,"Weatherization Program,Weatherization Plus Health Program,Home Repair Loan,City of Bellingham Mobile Home Repair,Conservation Education","recM9kHIEWcGOOtmh, recwfoqDBbylxuT9A, recUYtnJTb0xvOiPp, recxFYCvQ1Dt1ES2w, recpQBfKoNPSIFrzE",,,,,,,,,recD61zHi8y2vqSQM,,
(800) 788-2053,,,Developmental Disabilities Administration,recOpDqPpDQJOM18w,,,,,,,,,reckLn0MGIZ1WyLct,,
(360) 676-6470 ext. 4432,,,Developmental Preschool (BPS),recHSAXGcCyLwYbEe,,,,,,,,,recRdDwU1rvRhM0OV,,
(360) 332-1300,,,Developmental Preschool (BSD),recLbHfIhoGvPROU0,,,,,,,,,recwBHwoWtUfChSrD,,
(360) 383-9660,,,Developmental Preschool (FSD),recPRhDXnFVkOahBc,,,,,,,,,recepXcTCfjqFqByS,,
(360) 398-2111,,,Developmental Preschool (MSD),rec24l8X1JPQjzyxJ,,,,,,,,,recFnf61oveHvlGNm,,
800-442-KIDS (5437),,,Division of Child Support,reczqW5sznapW5ou0,,,,,,,,,recaGDWVIBV2XXknq,,
(360) 812-6610,,,Division of Vocational Rehabilitation,rec3gbfCH2e8YzAQp,,,,,,,,,recJ5Gvx13SMFpYDV,,
(360) 715-0170 ext. 304,,,Down Syndrome Outreach Program,recLoMDqchARs7VJq,,,,,,,,,recdOe7xSNEnSiuhM,,
(360) 715-7485,,,"Single Entry Access to Services,Early Support for Infants and Toddlers (Opportunity Council),Early Support for Infants and Toddlers (WCEL)","recjJSMGLXf7pskpq, rec2JX5keEvajZwaS, recfqzjPPAYPKBEeK",,,,,,,,,rec64b8ogleig67LC,,
(360) 734-8396 ext. 1227,,,Emergency Child Care Voucher,recVUWypipwF8GsoU,,,,,,,,,recQTA5hwdljZxChT,,
(360) 255-2192,,,Energy Assistance (Opportunity Council),recCISeJ3E2YM3q3G,,,,,,,,,recup5VQYAlruyySe,"recGasucndEgrKGQO,rec4NL6QoUMD1Gl7c","recGasucndEgrKGQO, rec4NL6QoUMD1Gl7c"
(360) 223-4720,,,Familia Latina,recuvf8oC3qkbgTCU,,,,,,,,,recwa3k2R2sCZQc6G,,
(360) 358-5257,,,Ferndale Community Utilities Fund,recBjJsDIeKC29Z1C,,,,,,,,Ferndale Community Utilities Fund Hotline,recGgH13V08tjIipS,,
(360) 383-9660,,,Ferndale Jump Start Kindergarten,rec5B4Vbv82oIuon6,,,,,,,,,rec1jfkpMX1ijtgk0,,
(360) 612-5075,,,Ferndale Severe Weather Shelter,recWHBqobO71IhPSL,,,,,,,,,reczYInrW2s4tQXKn,,
1-800-301-1868,,,Foster Parent and Caregiver Support line,recdEcXzQ35cUZt0e,,,,,,,,,recie8uG2av8gw4qh,,
1-888-KIDS-414,,,Foster Parenting and Kinship Care,recek6Lp3E8rhfxiZ,,,,,,,,,recrZxxtssKxWmOdF,,
(360) 778-7665,,,"Arne Hanna Aquatic Center,Free Shower Program","recRiBDECdKnWV8TO, recHCNSE21sbBALWw",,,,,,,,,recj0KzzK7nI5krKf,,
(360) 676-6488,,,GRADS,recFmvXFBmC8T6319,,,,,,,,,recNgVX84gbDDAQ1l,,
(360) 393-9336,,,GRADS,recFmvXFBmC8T6319,,,,,,,,,recJxfJb8z2pxuRhA,,
(360) 734-8396,,,"Early Head Start,Head Start","recCiTWs5rXdzYEO8, recrD7Y4506oaNPqB",,,,,,,,,recgtNZhcdUdnUJqG,,
(360) 312-3717,,,Homeless Outreach Team,recE3MGNwINs0Yszg,,,,,,,,,rec4tL6itM9KCGOez,,
(360) 734-5121 ext. 1455,,,Kinship Care,rec3Mxgz3o6eg79Uk,,,,,,,,,rec9oEj06l0SO3ZOF,,
(360) 384-2481,,,Lummi Tribal Dental Clinic,rec9CUsIrwUijwL3Q,,,,,,,,,recrDhokliBOTi16q,,
(360) 354-1549,,,Lynden Family Community Services,recAYosLzDjRyW6IA,,,,,,,,,recQCNrUwI2kVAMJh,,
(360) 778-7189,,,Meeting Rooms at BPL ,recD7CN0xo8Km2WFl,,,,,,,,,recrycbYTuJ4TmPhD,,
(360) 318-2486,,,Meridian Readiness to Learn,recU6c8p7HGJ0cWrG,,,,,,,,,recXvZnSADUVlOMVM,,
(360) 966-2376,,,Nooksack Behavioral Health,recALecAwen5rJ9H3,,,,,,,,,reckZFmjnEsOK4vxQ,,
(360) 398-6399,,,Nooksack Genesis II Chemical Dependency Program,recIHTIvvRaLMpIgH,,,,,,,,,recLxYlIbIKuLjwWS,,
(360) 306-5151,,,Nooksack Tribal Dental Clinic,recTpdXyDQAm3c0rj,,,,,,,,,reco9fvLV2qcUcpQX,,
(360) 988-4754,,,Nooksack Valley Early Childhood Program,recdJllLpPE9ESlcV,,,Nooksack Valley School District Homeless Liaison,recR9qt0r7zwZf4OE,,,,,recn88X3CpSiFAyKq,,
(360) 734-5121 ext. 1223,,,"Basic Food Employment and Training Program (Opportunity Council),Foundational Community Support Employment Program ,Financial Literacy and Renters Education,On the Money","recus6eyLnfpIoBWd, recuJvepOrmjggg7Z, recbhbljZewTjdDUH, recyDbQzLJ1ZAalrF",,,,,,,,,rectxxI8sNLcgCRqC,,
(360) 778-7299,,,Outreach Services at BPL ,rec7Bx77dKvZBqhmD,,,,,,,,,recyRzxHIMBLNUbEL,,
(360) 715-0170 ext. 303,,,Parent Coalition,rec0jKHecPZ6QQR2b,,,,,,,,,rec35vpKeop3kLuyd,,
(360) 715-0170 ext. 302,,,Parent to Parent Support Programs,reckelWWiNb23PCw7,,,,,,,,,recMetCWcAXZOUGh7,,
(360) 715-0170 ext. 308 (Spanish),,,Parent to Parent Support Programs,reckelWWiNb23PCw7,,,,,,,es,,recZ0AfYiiPP7LNZy,,
(360) 922-3600,,,Parenting Education (Brigid Collins),recdNg6ltUZtU4T5d,,,,,,,,,recYwufvqZ5e8HMMm,,
(360) 734-5400,,,"PeaceHealth Behavioral Health,PeaceHealth Emergency Medicine","recE1ZaWvdLUBCvLx, recSJOG0p7meedh6w",,,,,,,,,recQnjZXyPKRVYx8Z,,
(360) 752-5165,,,PeaceHealth Family Medicine,recgCcVSvQuAUhNUw,,,,,,,,,recNDLng21lCmYfSx,,
(360) 738-2200,,,PeaceHealth Nutrition Services,rec2XXFJ0qhZ3p5GX,,,,,,,,,recY2bs1WaLUqZnaB,,
(360) 752-5246,,,PeaceHealth Pediatrics,recF2AaSyFDQJPp0P,,,,,,,,,reclqLvS4eIfMqiyv,,
(360) 752-5280,PeaceHealth OB/GYN at Cordata South,rech4TtOw5nAPiTIr,PeaceHealth Women's Health,recSOkIm5nD6MNRBX,,,,,,,,,receDby5pf9HpH21e,,
(360) 738-6361,,,"Pregnancy and Childbirth Care at PeaceHealth,PeaceHealth Women's Health","recxACMoZHAbVIKY9, recSOkIm5nD6MNRBX",,,,,,,,,recJ4N7NOquzNn2oK,,
(360) 676-6488,,,Promise Kindergarten,recc72SWxUYQEF63K,,,,,,,,,recXBkeeNNtehRliI,,
(360) 734-5121 ext. 1030,,,Rental Assistance (Opportunity Council),recztxU567XMc3fHu,,,,,,,,,recSuDHW798CM2ljs,,
(360) 398-5444,,,Sea Mar Bellingham Behavioral Health Child and Family Services,rec1qjP7ip0VLRbAb,,,,,,,,,recFMHKfXXgtHudaO,,
(360) 734-5458,Sea Mar Bellingham Behavioral Health Clinic,rec00C2t3ObHjQ8Hh,Sea Mar Bellingham Behavioral Health Clinic,rechF6BSKH4uXfw2G,,,,,,,,,recVF9gn1HworNqit,,
(360) 788-7101,Sea Mar Bellingham Dental Clinic,recC0VmnoPeYD72Ui,Sea Mar Bellingham Dental Clinic,recIElh8NBtdk27PR,,,,,,,,,rectznPuYLPt5M1VQ,,
(360) 671-3225,Sea Mar Bellingham Medical Clinic,recQxwmhToj2HVfIk,"Sea Mar Bellingham Medical Clinic,Sea Mar Health Education","recHo6GKlaO4X3X5g, recvDkuJngJDfZfmb",,,,,,,"en,es",,recHGziYKCsppqdDJ,,
(360) 354-0766,Sea Mar Everson Medical Clinic,recjbb8IshEXfJPBF,"Sea Mar Everson Medical Clinic,Sea Mar Health Education","recXX36aooau1koPd, recvDkuJngJDfZfmb",,,,,,,"en,es",,rec4pjBhwi75QHM5P,,
(360) 788-7155,,,Sea Mar Healthcare for the Homeless Program,recbWbFHQlJh9FMgv,,,,,,,,,recvznFW6qMmAjGBN,,
(360) 788-7149,"Sea Mar Bellingham Downtown,Sea Mar Ferndale","rec4qtAjumj47YcJU, rec2iRj9NEWsSS1lH",Sea Mar Maternity Support Services,recXYeySt2Ok8Z3Pr,,,,,,,"en,es",,rec9EMb25e7RuRzh1,,
(360) 788-7143,,,Sea Mar Migrant and Seasonal Farmworker Promotores Program,recmaI0Sm7cCnGnBL,,,,,,,"en,es",,recdDRFpKzhF3jq6A,,
(360) 778-4280,Sea Mar Bellingham Downtown,rec4qtAjumj47YcJU,Sea Mar WIC and Nutrition Program,receBZf3I56QFF2tT,,,,,,,,Sea Mar Bellingham Downtown WIC program,recHMAOchVnGwjcQ4,,
(360) 788-7150,Sea Mar Bellingham Medical Clinic,recQxwmhToj2HVfIk,Sea Mar WIC and Nutrition Program,receBZf3I56QFF2tT,,,,,,,,Bellingham Medical Clinic WIC program,recVzpfwL1KWKz3DV,,
(360) 778-4214,Sea Mar Ferndale,rec2iRj9NEWsSS1lH,Sea Mar WIC and Nutrition Program,receBZf3I56QFF2tT,,,,,,,,Sea Mar Ferndale WIC program,receereas8AFR8gTw,,
(360) 778-6100,Whatcom County Health Department - State Street,recYvoWMV4zK72ick,"Nurse-Family Partnership,Syringe Services Program","rectOFcdCMsUeuVaf, recppZxbCHF4LlOUR",,,,,,,,"Prevention and Screening Clinic, Communicable Disease, and Epidemiology Phone",recydonbD9QJ73h7Q,,
(360) 788-7EAT (7328),,,Tutu's Free Food Hotline,rec6BOLeAlXuyLXEx,,,,,,,,,recAEbdvarFf9bIfa,,
(360) 305-3600,Northwest Drive Library Express,recHHAvBL00szx41b,WCLS Meeting Spaces,recvR36NcoHbu14gL,,,,,,,,,recmui3vij8zXGO02,,
(360) 778-6050,,,Whatcom County Veterans Program,recFkhdookFG38kns,,,,,,,,,recioj6l5I6l1VPPx,,
(360) 255-2091 ext. 1137,,,Whatcom Homeless Service Center,recB9YdPIbozfLOlF,,,,,,,,,reclKp2EoufPYmtUn,,
(360) 734-3055,,,Whatcom Volunteer Center,recoiyyynahtkwbAa,,,,,,,,,recTY7qYRMokg9hhz,,
(360) 734-5121 option 3,,,"Opportunity Council Community Resource Center,Basic Food Outreach,Opportunity Council Homeless Housing Programs,Supportive Services for Veteran Families,Needs Based Ferry Passes,WTA Bus Passes (Opportunity Council)","recXb1NEhx3Qe9Vsh, recaQZTZfOfLMhDHm, recdeUXIxvbwZWAkk, recJaQJrJCKLDw4m1, rec92qGXi2EpoDOqn, recDWFJ5m38nsln87",,,,,,,,,recsgOrRHS2vki68L,,
211 or 1-800-223-8145,,,,,211-North Sound,recPCt35brsdIznGj,,,,,,,rech18Au2QoHzYX7g,,
(360) 393-9352,,,"ESL/ELL Classes (A Watered Garden),Conversational Spanish Classes (A Watered Garden),GED Class (A Watered Garden),U.S. Citizenship Class (A Watered Garden),Making SMILIES Learning Pathways for Children of Adult Learners,Basic Computer Skills (A Watered Garden),Community Garden (A Watered Garden),Nutrition Class (A Watered Garden)","recoZMx9U1BGBXsI3, reca9lZVefH2EOQI8, recpOPupUC7LU2xad, rec6DDFGSHdQYNmjs, recmXNIbNr1WR9MaL, rec8klWCHCng4pXT7, recUVsoDTgd0CRrEv, rec5XTp7vznI5i5Sx",A Watered Garden Family Learning Center,recYT1TV8l7wUBqjp,,,,,,,recf0iRt5436zotLS,,
1-800-344-2666,,,,,"""Al-Anon/Alateen
""",rec7WkPXPGsaswsFp,,,,,,,recD4RWVfatd5QeAI,,
(360) 318-5764 (Español),,,,,Alcoholics Anonymous,recShmgUxOIGuaApy,,,,,,,rec4xvkHDonXNVkdJ,,
(360) 734-1688,,,,,Alcoholics Anonymous,recShmgUxOIGuaApy,,,,,,,reczowOeGOuEYzwS4,,
(360) 671-7445 (leave a message),,,,,Alternative Humane Society,recgjwjMcre8nG7yu,,,,,,,rec7i3x6fEvRBXbK5,,
(360) 671-3316,,,,,Alzheimer Society of Washington Support Center,recovKcxA2AA9ix72,,,,,,,recTWWP2EshYr5QaN,,
(360) 733-3290,,,,,American Red Cross- Whatcom County Chapter,recQ6JGoLlkW6yjal,,,,,,,reccKc9mUmB0mhz7P,,
(360) 671-3509,,,,,Animals as Natural Therapy-Windy Acres Farm,recvmi2DlsrTNSnpx,,,,,,,recGdC2meIr1Njgl4,,
(360) 255-7855,,,"Answers Counseling Services,Infant Case Management,Answers Counseling Maternity Support Services,Answers Counseling Parenting Programs","recABisNzFUZ4DH7X, recxIDwSrVFDV0fdK, recprE2b2TRl757WE, recPMpYgHlZ9rklZ6",Answers Counseling,rec3Z3GXx1xLDP8zz,,,,,,,recmyQgQI8FgxRA3Q,,
Contact Steve Burger (360) 303-6334,,,,,Art Bergh Recovery Residence ,rec6YImNayUKAVGyD,,,,,,,recnw3jXj1Qavmwjf,,
(360) 733-2866,,,,,Arthritis Foundation,recE5nqc8Vv1fKSb9,,,,,,,recaNdMokBAsrQoWC,,
1-800-542-0295,,,,,Arthritis Foundation,recE5nqc8Vv1fKSb9,,,,,,,recMNP6EAkoS4sVaj,,
(360) 676-2037,,,,,Attorney General of Washington,recGm9ryV5tTB5sIa,,,,,,,recHwwAsfLHXiOLCr,,
(360) 676-4485,,,,,Belair Clinic,recooMTDA5ZKiCMR0,,,,,,,recuxxqagBrcgW7Ru,,
(360) 733-5733,,,,,"""Bellingham Asthma, Allergy and Immunology Clinic""",recyEbqtPIXUqxH81,,,,,,,reczJqZUceWQo3xQX,,
(360) 676-0950,,,,,Bellingham Childcare and Learning Center,recZUucgdSh5elm01,,,,,,,recjP1vaxhStneNng,,
(360) 647-5114,,,,,Bellingham Community Meal,reckuV76kppAeaxSH,,,,,,,recQQt8jWmffsNzYv,,
(360) 676-0392,,,,,Bellingham Food Bank,recNRzOVEkBpYoXvb,,,,,,,recEOFIE3LeMhoyLI,,
(360) 778-7000,,,City of Bellingham Community Garden Program,recHE1hsxQpgYNUdh,Bellingham Parks and Recreation,recPSK8F1783zlqzD,,,,,,,recKotV4fy9nQ76gd,,
(360) 778-7323,Bellingham Public Library Central Branch,rec5f7nhKCUfzZqJU,"Computers and Technology Access at BPL,Tech Help at BPL,WiFi Hotspot Lending at BPL,Free Museum Passes through BPL ,Nonprofit Resources at BPL,Teacher Resources at BPL,Learning Resources at BPL,Research Tools at BPL","recWt6b0hIBFFqXDT, recm30wvLLz5KhCOc, recKxVFqSjeyphVDw, recCUSoiSzRybP3TP, recw8gwdvcjHYB5qI, recMpD9F8WpUNuRRY, recduJpPuF4yw92ds, recelPfNWdilp0VgY",Bellingham Public Library,recMldsZhSR1yrGqR,,,,,,,recFhHQDLChnLpVVX,,
(360) 733-4030,,,,,Bellingham Senior Activity Center,recxDACr76XzQDpdd,,,,,,,recoLr8GKMEYrsESQ,,
(360) 752-7000,,,,,Bellingham Technical College,recfLdKjyoHndoAhS,,,,,,,recwJyQIkCxZizTet,,
(360) 733-9226,,,,,Bellingham Vet Center,rec5k0E05kRtsZIG7,,,,,,,rec6Hm3LSdJtJeTuG,,
after hours (877) 927-8387,,,,,Bellingham Vet Center,rec5k0E05kRtsZIG7,,,,,,,recsexN7sSWO1CROA,,
(360) 676-6887,,,,,Bellingham Whatcom County Housing Authority,recrG9pMJsPHIaVSr,,,,,,,recya4bvHMeirtYQy,,
(360) 279-0644,,,,,Big Brothers Big Sisters -Island Co.,reca0cHvvpGUKM8eb,,,,,,,recNyG1OG09RuMGkT,,
(360) 389-5992,,,,,Birchwood Timberlake House ,recNad6Cz9PvbE3Yl,,,,,,,rec8BAIebVLDel2bY,,
(360) 392-8484,,,"CAP Crisis Assistance,Blaine Clothing Bank,CAP Winter Coat Drive,Blaine and Birch Bay Community Toy Store,The Food Connection,CAP Thanksgiving Baskets","rec50JYWb9Awsavf4, rec3hQjRkVVbyeJeQ, recZ7guHcnZAdc6JH, recrUqYFNy38Mdh2H, recv9vKtjWVELT3YB, rec54E8Q6OWrhRXL0",Blaine Community Assistance Program,recUZEfFGb1AwIpuH,,,,,,,recIhhqrfiUoHZ0Ej,,
(360) 332-6350,,,,,Blaine Food Bank,recODRs6fVnZMg4Eh,,,,,,,recRRO6fAVpUkJ826,,
(360) 756-6710,,,"Our Little Wishes Enrichment Program,Our One-Time Little Wishes Program,Our Little Wishes Instrument Loaner Program,Blue Skies Shoe Distribution Program,Blue Skies Back to School Backpack Distribution Program,Blue Skies Winter Warm-Up Distribution Program,Foster Grads Program,Blue Skies Driver's Education Scholarship   ,Swim to Live Program,""The Evan J. Sobjack Memorial Fund, Legends of Mt. Baker ""","recdHaCEskbFcCs8G, recIeIMhlbXI0k3Ev, recVnnTE6B8siosxr, recLGDVTOGCJgJPWR, recv9M0IDwNHP44rO, recyHeAnRpl2r4uwL, recPbef8R7bgCI321, recPiixkXiQ7Nokuw, recYIg4K2N7jjYbzj, recEStXVKErK65voe",Blue Skies for Children,rec7sW8SKpiIGB0Pv,,,,,,,reczAEETSluhuH6G8,,
(360) 738-3808 (corporate office),,,,,Boys and Girls Clubs of Whatcom County,recXyCZ9VxmrkAfKM,,,,,,,rec6888XzeX8W3TL2,,
(360) 734-4616,,,"Parent Child Assistance Program,Familia Latina,Parent Child Interaction Therapy,Stewards of Children","recGUAWidwJEHtWNi, recuvf8oC3qkbgTCU, recXHmlE1MYnt8ta5, recfybf64lvklT3eu",Brigid Collins Family Support Center,recwkhSGNR5Q1MUM1,,,,,,,recNQpwJFqrWkAtOX,,
(360) 675-7057  OR  24 HR Hotline 1-800-215-5669,,,,,CADA,rec7G4xEs9YdDs2Tw,,,,,,,recBucLA0LPlGVXGi,,
(360) 647-9087,,,,,Cascade Connections,recEJYiP9d7EzXXNw,,,,,,,recwsOw1j88mBKBJv,,
(360) 676-2164,,,,,Catholic Community Services,rec1IacwMFCAFfpP5,,,,,,,recLreCJYfQox4tLG,,
(360) 671-1077,,,,,Catholic Housing Services,recLpXvPG6ctVJ1qg,,,,,,,reczfMR70x4QGBmwB,,
Resident Manager: (360) 927-6533,,,,,City Gate Apartments (Pioneer Human Services),recVY83BBeVLHRQ76,,,,,,,reciXRW7K5CCsUsUs,,
(800) 750-2227,,,,,ClearPoint Credit Counseling Solutions ,recTLOhVxn4aoualU,,,,,,,recjZZATBxYitN2Je,,
(360) 676-1666,,,,,Command Center Inc ,recUsRpcYgcDjC9Md,,,,,,,recysPxxhPru6FVYS,,
(360) 676-2220,,,,,Compass Health ,recufz2FRyBUOgRMp,,,,,,,rec6MzP0OuF4ydEYK,,
(360) 671-9950,,,,,Conservation Northwest ,recDS1Y5pOoIy5bux,,,,,,,recXQUlyiUOsFAdBy,,
(206) 543-4619,,,,,Dental Care for Persons with Disabilities ,recuouEfx6UlEuwK5,,,,,,,recFdgY1bOBDAoaxX,,
(360) 647-7300,,,,,Department of Labor & Industries-WA ,recnjFpe2amDGFaEp,,,,,,,rec4Vo9gBN6aKTYwr,,
(206) 324-1521,,,,,Disability Rights Washington  ,recz6iCxGREL0v6xG,,,,,,,rech0uKgLH0IUXrwA,,
1-800-562-2702,,,,,Disability Rights Washington  ,recz6iCxGREL0v6xG,,,,,,,rec5J9gDXQGjKaH5T,,
Please use 711 for TTY,,,,,Disability Rights Washington  ,recz6iCxGREL0v6xG,,,,,,,rec8N8iZSwub8rKYB,,
(360) 715-1563,,,"Ask an Advocate at DVSAS,Legal Assistance at DVSAS,DVSAS 24-Hour Helpline,DVSAS Advocacy Counseling,DVSAS Support Groups,DVSAS Safe Housing Program,DVSAS Professional Trainings","recnoxVknPXefnYVN, recwkiFGqCygzgsqU, rece2AuKYnuuRLQwz, recOyMxPQoRGBOz1S, recCn4eNawTHwgiMv, recgSMLQoVMgi1bAK, recOgfavccEovQw2o",Domestic Violence and Sexual Assault Services (DVSAS),recz8xRe1VHPr90xt,,,,,,24-hour hotline,recs0Wzzk1kmCeeKj,,
(877) 501-2233,Bellingham Community Services Office (DSHS),rectPhCnrZMP8Rl6q,"Basic Food,Housing and Essential Needs,""Aged, Blind, or Disabled Program"",Temporary Assistance for Needy Families,Pregnant Woman Assistance Program,Refugee Cash Assistance,Office of Refugee and Immigrant Assistance","recS6lAfPGhoud8Zl, recrM2Ipp11NkSM5h, recuoDC3fNSiL6Y9y, recoafNrFKTr1MM19, recwljg57zR408jBi, recHfNnbpUDNuEHis, recYZ7MknxmwPv5jx","""DSHS, Island County "",DSHS (Washington State Department of Social and Health Services)","recypdpoW6LsGltjX, recgasOSzMjIX2vGR",,,,,,,recphsLuOL4uw9y4f,,
(360) 734-8860,,,,,Employment Solution Inc. ,recBtcG1FkpHGwVua,,,,,,,recVaeiQCIpPLGKhO,,
(360) 671-5898,,,,,Evergreen Supported Living ,recUiNubBcQ1fl6HU,,,,,,,recamsLSzIgKuvNyf,,
1-800-249-2437 (hotline),,,,,"""Evergreen Wellness Advocates
""",recM1fLAwFVE2vZjF,,,,,,,rec3oXFnalx9b5Vc7,,
(360) 671-0703,,,,,"""Evergreen Wellness Advocates
""",recM1fLAwFVE2vZjF,,,,,,,recAu2Wncpwn7IcwD,,
(360) 966-3144,,,,,Everson Senior Activity Center ,recrVJujZgG7CzMpr,,,,,,,receDoemYopFRVv61,,
(360) 734-2457,,,,,Express Employment Professionals ,recWGVDGFKxSoPOaX,,,,,,,recFpZ0JqfdBXWWp4,,
(360) 676-6749,,,,,"Northwest Regional Council,Family Caregiver Support Program-Northwest  Regional Council","recXK02AeJb4uZ44f, recIRGg9Z58iTEdfp",,,,,,,recAulBntEIZEFnBP,,
(360) 380-2200,,,"Family Funds Program,Ferndale Other Bank,Ferndale Resource Center","recDDpWpmT2hs4txy, rec5l7pShFpXTkMNR, recNZJpssJbVqm4wq",Ferndale Community Services,rec1j2QGts8EXLdvy,,,,,,,recrUnhotHsWFOkI2,,
(360) 223-0788,,,,,Ferndale Food Bank ,recIiFZKHYrPCA028,,,,,,,recmfdZQ8lufq3Hbr,,
(360) 384-6244,,,,,Ferndale Senior Center,recCXiSMTaoL9kzyC,,,,,,,recew9Lh5c2IDLEKb,,
(360) 599-3944,,,"East Whatcom Regional Resource Center,Food Lifeline Mobile Pantry","reczhHHeqzh0vEIPJ, rec2Ee2YjJxmAKtRb",Food Lifeline Mobile Pantry ,recPGcBV9IkRFxmSs,,,,,,,recnqJqs7yiHzhKoK,,
(360) 392-8149,,,,,Foothills Food Bank ,rec28tJSHcdaJwgpf,,,,,,,rec3t70hHUxAQem0u,,
(360) 738-0483,,,,,Goodwill Job Training and Education Center ,recxxcdIX2aTRilaD,,,,,,,recWeRWJEbzr63KBZ,,
(360) 715-9170 (office) or (360)778-2036 (HomeStore),,,,,Habitat For Humanity and HomeStore - Whatcom County,rechQSVPfXipoPwaa,,,,,,,recQyw4Hihca9tt8u,,
(360) 331-6272,,,,,Habitat for Humanity Store - Island Co. Freeland,recfFsfXfGYo6nhyw,,,,,,,recUjjjl9tiJ2x8yP,,
(360) 647-0910  Videophone (360) 255-7166,,,,,Hearing Speech and Deafness Center ,recPviuPsKEabfghp,,,,,,,recRRvevh4rRoil9D,,
Contact Steve Burger (360)303-6334,,,,,Helen’s House,rec4NhvLMPfxELyiV,,,,,,,recuDN6GmwzuPPxEZ,,
(360) 733-8400,,,,,"Southside Food Bank,Hillcrest Chapel ","recJXL6eox05CKK7G, recUOZgQZh9mk8CdI",,,,,,,rec0fFdbxEWnWuugO,,
(360) 778-8391,,,,,Home Rehabilitation Loan Program,recTEcGxe1W1IUiS0,,,,,,,reclpuNCVKsLqXAd5,,
(360) 671-8702,,,,,Hope House,recw4uRrvGQJMPPwC,,,,,,,rectdH1OzGdJubyLd,,
(360) 221-7656,,,,,HOPE Therapeutic Riding Center ,rec2PZDJ87EttooKm,,,,,,,recCtmT5yjyfq8xs4,,
24-hr scheduling line,,,,,Ideal Option,recBEZXdzWgkZJGjq,,,,,,,recSgLL5F7Uwc1RgZ,,
(360) 734-3983,,,"CAST,Interfaith Coalition Winter Warmth Drive","recwt9lxXjNRwshoz, rect39rb2bxF8rwBE",Interfaith Coalition,recxT5X75m9oN4qrL,,,,,,,recUNaGIINYX0PZaz,,
(360) 679-7350,,,,,Island County Health Dept.,recx35MkUWKrW1Zue,,,,,,,recCCRYutNoIV2s4Z,,
(360) 312-0232,,,,,Jesus Christ Chief Cornerstone Ministries ,recjaQ2UtpIaY18kf,,,,,,,recO8EIJxguIOfT60,,
(360) 676-6780 (#4 option),,,,,Juvenile Community Justice Center ,recqmqJjhyNEeJH8J,,,,,,,rec0vNDsKSTjJWdCm,,
(360) 647-2207,,,,,Kelly Temporary Services ,reccad9IDsoQO2oKy,,,,,,,reciP6smlCVgCVV8O,,
(412) 444-KIDS (5437),,,,,Kids in Motion ,reccoX57Ox4B2Bhtb,,,,,,,recbGkr80tJLVcnhU,,
(360) 734-3858,,,,,Kids Korner ,recn8PDyDMtnRrK8S,,,,,,,recJZ8RXOlxEEBA1m,,
(360) 671-5600,,,,,Kulshan Community Land Trust ,recB0K89rx1H2EIuf,,,,,,,recCOGrn0BBsqgs2x,,
(360) 424-3811,,,,,Kulshan Pediatric Dentistry,recUFHQDBFi7yMp3S,,,,,,,recBS2aP7OXmaHvo9,,
(360) 647-7642,,,,,Labor Ready,rec4PCzdExedjWKV0,,,,,,,recB87bq3PtcXOBo4,,
(360) 676-6000,,,,,Lake Whatcom Residential and Treatment Center ,recfEAg4Cri4INP4b,,,,,,,recfEhyCndb5jwfVJ,,
(360) 671-6079,,,,,Law Advocates  ,rectRSHDv3rkspLVq,,,,,,,recE55hSTTSSOtHoB,,
(360) 922-3030,,,,,Lifeline Connections,rec5T1ETpFh2T6Xau,,,,,,,rec4z59bcwluiVXqv,,
(360) 733-5120,,,,,Lighthouse Mission  ,recZtFec1gf2I4H2W,,,,,,,recS7CWFnzZoAt41d,,
(360) 734-4500,,,Loaves and Fishes Community Meal,recNOt56RgByZtd84,Loaves and Fishes Community Meal,recZePMSi8UoJH7Jt,,,,,,,rec7IpnhKqvX8NcHX,,
(360) 671-6201,,,,,Love INC. ,recHoJGeLtDUa9dgm,,,,,,,recO4ycT5T0zdYQkX,,
(360) 384-2324,,,,,Lummi Children’s Services ,recgqDuZC4K6s7QEF,,,,,,,recswcFl68LNLGysx,,
,,,,,Lummi Community Services ,recIPQstWy17s1SLp,,,,,,,recAgBJVVFW5FosCP,,
(360) 312-8407,,,,,Lummi Housing ,recIKNmlUeVS9XVeD,,,,,,,recP6bgwHJMqFYike,,
(360) 384-0464,,,"Lummi Tribal Health Center,Lummi Tribal WIC Program","recgLdQ6t4HcOhGfe, recOPW3y15b5WDF2a",Lummi Tribal Health Center,recJdHHCi3VZHLL5U,,,,,,,recbr57yxlHWRMe1W,,
(360) 312-2015,,,,,Lummi Victims of Crime - LVOC ,recriZwdVx6qdBNTf,,,,,,,rec9RKUFyVQ7FRHzS,,
(360) 671-7663,,,,,Lydia Place  ,recVZf2v2xHyDESHr,,,,,,,recy5rVa3HvvnwZV7,,
(360) 354-4501,,,,,Lynden Senior Community Center ,recVTDjSqaY2qQrNw,,,,,,,reczbJQdwhTXQev7C,,
(360) 671-1977,,,,,Manpower  ,recCetadKWrOF0ZnV,,,,,,,rece39ir3WIKQ6RWl,,
Contact Dan Houston (360) 778-9616,,,,,Maplewood House ,recrGriJRIZcUX5eU,,,,,,,recYO69udmcWEDmm1,,
(360) 733-1828,,,,,Max Higbee Recreational Center,recLVtZ05L6cil4ot,,,,,,,recyGwrBSZu0EvPI1,,
(360) 746-6480,,,,,Meals on Wheels/Congregate Meals ,rec8tUBk0tXpG4F9z,,,,,,,recrubhrPJTDlMIi7,,
1-888-693-7200,,,,,Mental Health Central Access Line ,recwhpVwH6Rh3win7,,,,,,,recAWYpehLWxtA269,,
1-800-543-5678 (24 hrs.),,,,,Missing Persons Information Center ,rec3Cc7dIcj3kZUzm,,,,,,,recTCZWAv5dDkbzzq,,
(360) 734-9095,,,,,Mount Baker Planned Parenthood Clinic ,recicnGbOCRcI7XbV,,,,,,,recHY31J0VOtk815h,,
(360) 671-4950,,,,,NAMI of Whatcom County (National Alliance on Mental Illness),recYz2qEs82xw0Y1f,,,,,,,rec4KAnhWXzbb5ix5,,
(360) 647-3234,,,,,Narcotics Anonymous ,rec2qBrAv2Vh5pzl4,,,,,,,rec0cXjdlHH3mm5VK,,
1-877-424-3838,,,,,National Call Center for Homeless Veterans ,rec9HhpFIXaoyynsg,,,,,,,recopjS0sgyBQrq4m,,
1-800-787-3224 (TTY),,,,,National Domestic Violence Hotline ,recPmAtN6i6mFlLHu,,,,,,,recemHlHc391PAm3a,,
1-800-799-7233,,,,,National Domestic Violence Hotline ,recPmAtN6i6mFlLHu,,,,,,,rec6GklyY298tzU6o,,
1-800-SUICIDE (784-2433) or 1-800-442-HOPE (4673),,,,,National Hopeline Network- Suicide Prevention ,recNLYZ3ydfUO8zSy,,,,,,,rec4Tx6DkAZFL8eMR,,
1-800-656-4673,,,,,National Sexual Assault Hotline ,recfIYhsCgEcaDkQf,,,,,,,recpu0S4Su2ahEFN0,,
(360) 354-9930,,,,,New Way Ministries ,recTesaCeBC4kYQuG,,,,,,,rec8wNJVkie6HMgHV,,
(360) 592-0135,,,,,Nooksack Food Bank ,recK2yPXUIFyxwQET,,,,,,,rec4xHBnwAQQyuscc,,
(360) 966-2106,Nooksack Indian Health Department,recSkx5RKjbG7OWVs,"Nooksack Tribal Clinic,Nooksack WIC Program","recMFrybmgyjtmbkI, recrWLOWHWS9rf3oA",Nooksack Indian Health Department,recy5vdesj7mlBzsJ,,,,,,,recwar8QcwdgIc1qf,,
(360) 592-5163,,,,,Nooksack Indian Housing Authority ,recEYdcGYIm1u7OFe,,,,,,,reccyS9LO8hkWVIEb,,
(360) 966-9696,,,,,Nooksack Tribal Education Department ,recfOmKSHlFsWpdng,,,,,,,rect3q01ZUvWzMIYv,,
(206) 587-4009 or 1-800-445-5771,,,,,Northwest Immigrant Rights Project,recV6mqI9GoiC51xh,,,,,,,recgeHUa0O1o7MbUh,,
(360) 734-8680,,,,,Northwest Justice Project ,recGOruj9ehsrJgEC,,,,,,,recRzMfjOVb4Q1Ari,,
1-800-585-6749,,,,,Northwest Regional Council,recXK02AeJb4uZ44f,,,,,,,recIbV69mHe9kN9gG,,
(360) 966-2124,,,,,Northwest Therapeutic Riding Center,recKp59CYPcRWH3pV,,,,,,,recyZpsq2USOdM5Hi,,
(360) 734-9862,,,,,Northwest Youth Services ,recCF1bANXnZ7YPiL,,,,,,,recwU33OnYaXAEL4Y,,
1-800-964-0852,,,,,Office of Mobile and Manufactured Housing,recCNgbIM97pcLzlL,,,,,,,recU8cRfZPlo2xesO,,
1-800-RUN-AWAY/1-800-786-2929 24/7 toll free #,,,,,Operation Home Free - National Runaway & Youth Crisis Hotline  ,recjuYFPw7TdgDxgg,,,,,,,rechcuctqJLs1WAoF,,
(360) 738-2803,,,,,Operation School Bell - Assistance League of Bellingham,rec6MDaAgsnK38ELS,,,,,,,recEJwbU4w7x0OL4I,,
(360) 734-5121,,,,,Opportunity Council,recDx6bdruXoWzLPy,,,,,,,recZT8oHadQj3Gmcn,,
(360) 679-6577 or 1-800-317-5427,,,,,"Opportunity Council Island County Rental Assistance,Opportunity Council Island County Solid Waste Program","recyMvmzsYMQFt9SR, recHtWoi2MnuhPMTU",,,,,,,recRlztygfR8Xtag7,,
(360) 306-8561,,,,,Oxford House Journey,recx00gSqoGTMDpky,,,,,,,recfCp90WJDzlXZ5H,,
(360) 393-4328,,,,,Oxford House View Ridge,recubitjPhkExHShn,,,,,,,recqcPQq18D2a3uSs,,
(360) 733-1144,,,,,Paratransit Service-Whatcom Transportation Authority,recTx5QSuUa74peiq,,,,,,,rec8j9YOrqiSprmv9,,
(360) 675-2096,,,,,Pregnancy Care Clinic of Oak Harbor,recKQSaikh6cMO0k3,,,,,,,recAecaX34tVfbf1n,,
(360) 354-4673,,,"Project Hope Food Bank,Project Hope Community Assistance","rec93UAu9WegCbNMZ, recbesc3BBk2Nej0n",Project Hope Lynden ,recEeLmHcipShs7qC,,,,,,,rec2weu3XShxQFO5o,,
(360) 647-5921,,,,,RE Store,rec8eQqGy5GxjGJb2,,,,,,,recPx9BHslnfKFiwo,,
(360) 221-6808 ext.4321,,,,,Readiness to Learn South Whidbey,recCE9okcskoQ6pRk,,,,,,,recEUKu2HHnTvy3GE,,
(360) 714-0700,,,,,Rebound of Whatcom County,recNzTmiGcrCoGQ6B,,,,,,,recmm7DpyUbQBLgBn,,
(360) 739-9298,,,,,Redemption Place,recBIzK6sRisXO91T,,,,,,,reckt5NjBulbI8b2z,,
(360) 733-8307,,,,,ReSources,recT84vXPkCJWm8mM,,,,,,,recZIGbIDq0w1aYCO,,
(360) 510-3205,,,,,Rooted Emerging,reck1qQkbDC5PxyKn,,,,,,,rechMVYD59OaoMRbU,,
(360) 733-1410,,,,,Salvation Army,recmBwlkTAXZcHKtv,,,,,,,rec1slndyV3MApPON,,
(360) 733-0176,,,,,Sean Humphrey House,recwXhBDoZ23Xg5g1,,,,,,,recosSMI6JQXtBEyw,,
Contact Lance: (360) 739-9298,,,,,Second WakeUp House,rec6SZq2IFYEOgbqL,,,,,,,recKc9owHVQA3FXoC,,
or Felix: (360) 739-5900,,,,,Second WakeUp House,rec6SZq2IFYEOgbqL,,,,,,,reckeVzDdLtx1aDtt,,
or 800-562-6900,,,,,SHIBA Helpline (Statewide Health Insurance Benefits Advisors) - Medicare,recz4ZTVR5THAOEne,,,,,,,recgZ1CBYj3jCTkL7,,
(360) 734-5121 ext. 465,,,,,SHIBA Helpline (Statewide Health Insurance Benefits Advisors) - Medicare,recz4ZTVR5THAOEne,,,,,,,rec7zotigDldr1wjv,,
(360) 416-7585,,,,,Skagit County Community Action Agency,recvkfDsIKTyYSQLw,,,,,,,rec3G4DawsxqZSWjj,,
(360) 353-4781,,,,,Skookum Kids,recxiHG9GAsw5Ug9u,,,,,,,recADpgcERtXw7QVb,,
1-800-772-1213,,,,,"Supplemental Security Income (SSI),Social Security Administration - Medicare,Social Security","recUc5L1tzijuXAHO, recCUSK9xleNaV7sy, recaIqnQA0fY491BN",,,,,,,receHwGRJ7pfSyD4z,,
(206) 694-6767,,,,,Solid Ground Landlord/Tenant Information & Hotline,recGVKhYPPtE92PpK,,,,,,,recNqCmB20gqB4H8k,,
(360) 733-2890,,,,,St Paul’s Episcopal Church Alms Ministry,recVYnGCvgG0lECKS,,,,,,,recUzPggef0iuR5ul,,
(360) 384-3651,,,,,St. Joseph’s Catholic Church Outreach,recTMdtkwA6fvP8ut,,,,,,,rec69fikfRJ1vUSxU,,
(360) 734-2722,,,,,St. Vincent De Paul-Sacred Heart Church,rec5d2MnTkPTGsDMR,,,,,,,reczSPHJ6uoGxB5L2,,
(360) 629-5257,,,,,Stanwood-Camano Community Resource Center,recNauXcd2euzszGn,,,,,,,recb1jHBhntTwW4zl,,
(360) 629-2789,,,,,Stanwood-Camano Food Bank ,recIpJZZOMOW9XFWY,,,,,,,recgQtCgxBhHBMrfk,,
Contact Pam (360) 671-5586,,,,,Stepping Stones Clean and Sober Housing,rech1qPrEr26T4zKR,,,,,,,recCTlUhAmXcwb8sf,,
(360) 392-1324,,,,,Sun Community Services,recCpBS6x4CKnHCQw,,,,,,,recLWGEpGXCS979I3,,
(360) 738-3952,,,,,Supplemental Security Income (SSI),recUc5L1tzijuXAHO,,,,,,,rechRIWTT3w6CIujt,,
(360) 715-0170,,,"Self-Advocacy Program,Medicaid Personal Care Parent Training,The Arc Legislative Advocacy","reck4hxVBp4gzdwuU, recLXASC6UpckVMcN, recqzOuVCAxuxHNLl",The Arc of Whatcom County,recgdgE4uVZ9DalkK,,,,,,,recl1PPlQWO178VRb,,
(360) 319-3759,,,,,The Whatcom Dream,rectTteJGtfCYoj7E,,,,,,,recCGQUZYB9LJ2Pm6,,
(360) 788-7EAT (7328),,,,,Tutu's Free Food Hotline ,recsZxvXlgWmB5uBl,,,,,,,recgFiCKb5IHVpqi9,,
1-800-638-2772,,,,,United States Consumer Product Safety Commission Hotline,recYLotunfW6qHxmk,,,,,,,recdIoYSBmcbJ7lBj,,
(360) 676-6177,Unity Care NW Ferndale,recAGaqcekgErU5Ft,"Unity Care NW Primary and Preventative Health Care,Unity Care NW Children's Medical Care,Unity Care NW Adult Dental Care,Unity Care NW Children's Dental Care,Unity Care NW Behavioral Health","recW5u7LQOuUjzUay, recouXi1tWCvLXApS, recYIr4WnBjfwvlxT, recxj6W8dqtqUtocb, recKn7l3eLepC3Z5l",Unity Care NW,recQCprmXVCo7MQQ3,,,,,,,recu7GpZK0xFFtTps,,
1-800-273-8255,,,,,Veterans Crisis Line,recdwiT6XS5DB9kox,,,,,,,recO6NX12oWHnnmJK,,
press 1 or text to 838255,,,,,Veterans Crisis Line,recdwiT6XS5DB9kox,,,,,,,rec5ppzLjs4Txo1eI,,
24 Hr. Crisis line:1-888-288-9221,,,,,Victim Support Services,recu7peRktDy36Lfx,,,,,,,rectCnltNoAaibWT1,,
(360) 756-1780,,,,,Victim Support Services,recu7peRktDy36Lfx,,,,,,,recEqpRzjKhXlyQ6q,,
(360) 756-9929,,,,,Violence Intervention Professionals,reclemujri83PcnTq,,,,,,,recli3gPBsbq2hNf4,,
1-800-584-3578,,,,,VOA Care Crisis Line and Online Chat,recm2j8tdabhoLYvZ,,,,,,,recpuV0qL4SSJzWVe,,
(206) 328-5116,,,,,Washington Access Fund,recTdU3VFUiMEbCsH,,,,,,,reczfoB9axpgETe0B,,
1-877-894-4663,,,,,Washington Homeownership Resource Center,recMR9I3JbjhsoxBA,,,,,,,recamdVSdC8j6eNi8,,
1-800-222-1222 (24 hrs),,,,,Washington Poison Center,recBFNhbdpNtgQhKH,,,,,,,rec2FOqSTCBSON1ZI,,
1-800-572-0638 (TTY),,,,,Washington Poison Center,recBFNhbdpNtgQhKH,,,,,,,rec2zYlj42rU5SlGP,,
(206) 389-2515,,,,,Washington State Coalition Against Domestic Violence,recX7si4SzTSJE8d3,,,,,,,recJPkMdnFsrHoPXS,,
(206) 389-2900 (TTY),,,,,Washington State Coalition Against Domestic Violence,recX7si4SzTSJE8d3,,,,,,,recG9uJrkTWgW9gfS,,
(360) 676-2096,,,,,Washington State Department of Licensing,rec30PJ2zNWDg0lSM,,,,,,,recLV35anugnyeyYl,,
1-800-562-6025,,,,,Washington State Domestic Violence Hotline,rec9JGG278bBD9Etg,,,,,,,rectbrevOKhEgQHOg,,
(206) 615-0400,,,,,Washington Talking Book and Braille Library,reckhrPEUTnBcA1Tb,,,,,,,recKRuFrTw5pLvxVz,,
1-800-542-0866 (toll free),,,,,Washington Talking Book and Braille Library,reckhrPEUTnBcA1Tb,,,,,,,rec3s5doVQ7V7SQxc,,
(425) 451-8838 or 888-440-9946,,,,,Washington Women In Need,recO9UgPxc06hAAnN,,,,,,,recoqIJOUqhtkOjl6,,
(360) 647-5415,,,,,We Care of Whatcom County,recIjUGOaAuPway3u,,,,,,,recGtYWjLFNb8wzBn,,
(360) 592-5403,,,,,Welcome Valley Senior Center,recbk5OBL53FFzmUY,,,,,,,recSB7wdfnOM4QrR2,,
(360) 647-7577,,,,,Westcoast Counseling and Treatment Center,recyxohr7BkoUDV1M,,,,,,,rechsdWHx8iNRRtYE,,
(360) 671-3660,,,"Sensational Toddlers,WCEL Friends Playgroup,WCEL Drop-in Playgroups","recQfEAbROvOLL6OV, rec8XkFW1fAWlRUHj, recT9ihPj4yjEh6YC",Whatcom Center for Early Learning,recZR9OfxDfayGV8M,,,,,,,recTV99H6M7fmRsWE,,
(360) 383-3000,,,,,Whatcom Community College,recyTpr0XxNXAilp9,,,,,,,recy13vruSe0FWrRn,,
(360) 676-2020,,,,,Whatcom County Behavioral Health Triage Center,rec482zJywsE2HaB9,,,,,,,rec0WKAMPg55ePGYZ,,
(360) 778-6000,Whatcom County Health Department ,receYX7V2zWpvn7tU,,,Whatcom County Health Department ,recsJOY2XgLE7ar6o,,,,,,,rec6g2uvUM49R8YNp,,
(360) 305-3600,,,WCLS WiFi and Laptops,reciyozRCGNWRL3DB,Whatcom County Library System,recSTUXGET8dHOpKy,,,,,,,reco9yWjBkB6uRtIk,,
(360) 671-9057,,,,,Whatcom County Pregnancy Clinic,recbj7qhLkJMEF30H,,,,,,,recKkILFaACoU2kWY,,
(360) 676-0122,,,,,Whatcom Dispute and Resolution Center,recIdOvt1EPPtMVFl,,,,,,,rec55fwu03JdZqKsg,,
(360) 738-1196,,,,,Whatcom Family and Community Network,recm7v6OkRFOMpVKg,,,,,,,rec1Jk2k84ZaVXeyd,,
(360) 671-3689,,,,,Whatcom Homeschool Association ,recdzNFKTIITHTJ07,,,,,,,recXxOnZYfvNH4vLD,,
(360) 733-5877,,,,,Whatcom Hospice Foundation,rec3HyTzXSE8VcnGP,,,,,,,recH75zVgnQFTXTsB,,
(360) 733-2080,,,,,Whatcom Humane Society ,rec304ONdBixb2oWO,,,,,,,recjAP1z7jjDUNP55,,
(360) 650-9470,,,,,Whatcom Land Trust,recZQefHKF0m81AS6,,,,,,,recW5q93030lJL6q6,,
(360) 752-8678,,,,,Whatcom Literacy Council,rec7CuqPitAovrRPP,,,,,,,recgciQMPxeIgPjjS,,
(360) 398-0223 or 888-360-0223,,,,,Whatcom Self-Help Homes,recWtSIO4TvZyJoeE,,,,,,,rece0LT47YID7hoU7,,
(360) 676-1521,,,,,WorkSource Whatcom,rec7CfN4sm5BVl5Dp,,,,,,,recdkDEVNKyCHPIQ5,,
(360) 734-4820,,,,,YWCA Transitional Housing,recZ2X1rCzzZtbsNT,,,,,,,recsnhr96yUZen9nM,,