term,id,parent_name,parent_id,taxonomy,x-taxonomies,description,x-notes,services,language,x-icon_light,x-icon_dark
Emergency,recv9Cso39oBw8MCb,,,Service Category,Open Eligibility Human Services,"Services for psychiatric emergencies, emergency financial assistance, immediate safety needs, disaster preparedness and disaster response. \n	    	",,"Child Abuse Hotline,Foster Parent and Caregiver Support line,CAP Crisis Assistance,Family Funds Program,Ferndale Severe Weather Shelter,Project Hope Community Assistance,PeaceHealth Emergency Medicine,DVSAS Safe Housing Program",,Emergency.png (https://dl.airtable.com/.attachments/252977e170a683a4520ff5205c77b019/7cce4701/Emergency.png),
Food,rec6msXLncJckr8ek,,,Service Category,Open Eligibility Human Services,"Services for free meals, food pantries, help paying for food, food delivery, food benefits and nutrition support.\n	    	",,"Southside Food Bank,Bellingham Food Bank,Blaine Food Bank,Nooksack Valley Food Bank,Ferndale Food Bank,Foothills Food Bank,Lummi Food Bank,Project Hope Food Bank,Nooksack Food Bank,Salvation Army Food Bank,Basic Food Outreach,Maple Alley Inn,Basic Food,Sea Mar WIC and Nutrition Program,Nooksack WIC Program,Lummi Tribal WIC Program,Sumas Food Bank,Food Lifeline Mobile Pantry,Tutu's Free Food Hotline,Loaves and Fishes Community Meal,CAST,Bellingham Community Meal ,The Food Connection,CAP Thanksgiving Baskets,Ferndale Resource Center,Nutrition Class (A Watered Garden)",,Food.png (https://dl.airtable.com/.attachments/88cd05353075181f6f8ade4344fa801e/e160b61f/Food.png),
Housing,recCKTPd4gJzUTY28,,,Service Category,Open Eligibility Human Services,"Services for emergency, short-term and long-term housing, housing advice, help finding housing and help paying for housing.\n	    	",,"McKinney-Vento Program (BPS),McKinney-Vento Program (BSD) ,McKinney-Vento Program (FSD),McKinney-Vento Program (Lummi),McKinney-Vento Program (LSD),McKinney-Vento Program (MBSD),McKinney-Vento Program (NVSD),Opportunity Council Community Resource Center,Opportunity Council Homeless Housing Programs,Whatcom Homeless Service Center,Rental Assistance (Opportunity Council),Homeless Outreach Team,Supportive Services for Veteran Families,Family Promise,Lydia Place Family Housing,Lydia Place Housing for Households Without Children,DVSAS Partnership,CenteringPregnancy,Ferndale Severe Weather Shelter,Whatcom County Veterans Program",,Housing.png (https://dl.airtable.com/.attachments/91cfd670fa4945c1a2ee348687462d90/6752751b/Housing.png),
Goods,recYkNaWD02ZhnpEv,,,Service Category,Open Eligibility Human Services,"Services for clothing, furniture, baby supplies, toys and gifts and other physical goods.\n	    	",,"Hope House,East Whatcom Regional Resource Center,Blaine Clothing Bank,CAP Winter Coat Drive,Blaine and Birch Bay Community Toy Store,Ferndale Holiday Giving Store,Ferndale Other Bank,Ferndale Resource Center,Project Hope Community Assistance",,Goods.png (https://dl.airtable.com/.attachments/31b676629d2b2541dfd2cc02b1f07ea1/2c6c0dcc/Goods.png),
Transit,recDAUBObMv6C8sEk,,,Service Category,Open Eligibility Human Services,"Services for bus passes, transportation to school, healthcare, appointments and more. \n	    	",,"Needs Based Ferry Passes,WTA Bus Passes (Opportunity Council)",,Transit.png (https://dl.airtable.com/.attachments/c6be3900dec17c09c865a45db6e48fa2/af29afee/Transit.png),
Health,reciYkvwqodZbQOxg,,,Service Category,Open Eligibility Human Services,"Services for medical care, dental care, health education, addiction and recovery, help finding services and help paying for healthcare.\n	    	",,"Single Entry Access to Services,Sea Mar Bellingham Medical Clinic,Sea Mar Everson Medical Clinic,Sea Mar Bellingham Dental Clinic,Sea Mar Bellingham Behavioral Health Clinic,Sea Mar Health Education,Sea Mar Maternity Support Services,Sea Mar WIC and Nutrition Program,Sea Mar Healthcare for the Homeless Program,Sea Mar Migrant and Seasonal Farmworker Promotores Program,Unity Care NW Primary and Preventative Health Care,Unity Care NW Children's Medical Care,Unity Care NW Adult Dental Care,Unity Care NW Children's Dental Care,Unity Care NW Behavioral Health,Nooksack Tribal Clinic,Nooksack Tribal Dental Clinic,Nooksack Behavioral Health,Nooksack WIC Program,Lummi Tribal Health Center,Lummi Tribal Dental Clinic,Lummi Tribal WIC Program,PeaceHealth Pediatrics,PeaceHealth Family Medicine,PeaceHealth Behavioral Health,PeaceHealth Immediate Primary and Urgent Care,PeaceHealth Nutrition Services,PeaceHealth Primary Care,Pregnancy and Childbirth Care at PeaceHealth,PeaceHealth Women's Health,PeaceHealth Emergency Medicine,Nurse-Family Partnership,Whatcom County Veterans Program,Answers Counseling Services,Answers Counseling Maternity Support Services,Prevention Coalitions,Syringe Services Program",,Health.png (https://dl.airtable.com/.attachments/78f391c36b77941572a1c3d1a0a73e3b/16036b02/Health.png),
Money,recPlzafaM95ikCqj,,,Service Category,Open Eligibility Human Services,"Services to help pay for housing, education, childcare, school, food and goods, financial education, tax preparation, insurance, government benefits, vouchers and more.\n	    	",,"Housing and Essential Needs,Temporary Assistance for Needy Families,Pregnant Woman Assistance Program,Refugee Cash Assistance,CAP Crisis Assistance,Family Funds Program",,Money.png (https://dl.airtable.com/.attachments/775e7fc89b23020727fbc1988f7ba3c4/688472b1/Money.png),
Care,recFynVbJhP9DcOwP,,,Service Category,Open Eligibility Human Services,"Services for animal welfare, residential caregiving, daytime caregiving, adoption & foster care, building support networks, end-of-life care and help navigating the system.",,"Aging and Long-Term Support Administration,Medicaid Personal Care Parent Training,Infant Case Management",,Care.png (https://dl.airtable.com/.attachments/4542a4251661f91efe96897c52942af3/36ad6419/Care.png),
Education,recOGCSUVHnuizJWp,,,Service Category,Open Eligibility Human Services,"Services for preschool, after-school, special education, help finding school, help paying for school, alternative education tutoring and more. \n	    	",,"Developmental Preschool (BPS),Promise Kindergarten,Ferndale Jump Start Kindergarten,Meridian Transitional Kindergarten,Mt. Baker Educational Resource Center,Nooksack Valley Early Childhood Program,Developmental Preschool (BSD),Developmental Preschool (FSD),Developmental Preschool (MSD),GRADS,Early Head Start,Head Start,GED Class (A Watered Garden),Making SMILIES Learning Pathways for Children of Adult Learners,Basic Computer Skills (A Watered Garden),Nutrition Class (A Watered Garden),Foster Grads Program,Teacher Resources at BPL,Learning Resources at BPL,Research Tools at BPL,WCLS Learning Resources,DVSAS Professional Trainings",,Education.png (https://dl.airtable.com/.attachments/50761f6d8b9621fe050dbebdb25fcc9b/12364d61/Education.png),
Work,recgLX6b1UIeYq0PK,,,Service Category,Open Eligibility Human Services,Services for finding and sustaining work and improving job skills and abilities. \n	    	,,"Basic Food Employment and Training Program (Opportunity Council),Foundational Community Support Employment Program ,Division of Vocational Rehabilitation,Ferndale Resource Center,Whatcom County Veterans Program",,Work.png (https://dl.airtable.com/.attachments/a79e48e3e70619de1cab275709c687c6/d67a13fa/Work.png),
Legal,rec7zSrfhPad6ViS5,,,Service Category,Open Eligibility Human Services,"Services for legal representation, mediation, advocacy, citizenship and immigration, adoption and foster care, guardianship, civil rights and more.\n	    	",,"Whatcom County Veterans Program,Legal Assistance at DVSAS",,Legal.png (https://dl.airtable.com/.attachments/cf019bbb60b782ddbb46de7f31ef556b/dfa438f9/Legal.png),
Disaster Response,recdDOl5s0Tjh5yxk,Emergency,recv9Cso39oBw8MCb,Service Category,Open Eligibility Human Services,Services provided during and after a disaster such as a tornado or hurricane.,,,,,
Emergency Payments,recZC2bATGtKSdzXU,Emergency,recv9Cso39oBw8MCb,Service Category,Open Eligibility Human Services,Emergency financial assistance.,,"Salvation Army Energy Assistance ,CAP Crisis Assistance,Family Funds Program,Ferndale Community Utilities Fund,Project Hope Community Assistance,Whatcom County Veterans Program",,,
Help Pay for Food,reclNA3Wwp1htS782,Emergency Payments,recZC2bATGtKSdzXU,Service Category,Open Eligibility Human Services,Financial assistance for food related expenses.,,"Basic Food,Sea Mar WIC and Nutrition Program,Nooksack WIC Program,Lummi Tribal WIC Program,CAP Crisis Assistance,Family Funds Program",,,
Help Pay for Healthcare,recgLjAwF3IVODcJi,Emergency Payments,recZC2bATGtKSdzXU,Service Category,Open Eligibility Human Services,Financial assistance to help pay for medical expenses.,,"""Aged, Blind, or Disabled Program""",,,
Help Pay for Housing,recJYGDCounIMHC0T,Emergency Payments,recZC2bATGtKSdzXU,Service Category,Open Eligibility Human Services,Financial assistance for rent and other housing related expenses.,,"Rental Assistance (Opportunity Council),Housing and Essential Needs,Family Funds Program,Project Hope Community Assistance",,,
Help Pay for Gas,recYPXy5wHUdThBfW,Emergency Payments,recZC2bATGtKSdzXU,Service Category,Open Eligibility Human Services,Financial assistance to pay for gas (car).,,"CAP Crisis Assistance,Project Hope Community Assistance",,,
Help Pay for School,rec9CBn7fr6g8Pg4c,Emergency Payments,recZC2bATGtKSdzXU,Service Category,Open Eligibility Human Services,Financial assistance for education related expenses.,,Foster Grads Program,,,
Help Pay for Utilities,recqJeWfuWoaymxab,Emergency Payments,recZC2bATGtKSdzXU,Service Category,Open Eligibility Human Services,"Financial assistance to pay for utilities such as electric, water or gas.",,"Salvation Army Energy Assistance ,Energy Assistance (Opportunity Council),CAP Crisis Assistance,Family Funds Program,Ferndale Community Utilities Fund,Project Hope Community Assistance",,,
Emergency Food,recujVKMBmC0r4iq5,Emergency,recv9Cso39oBw8MCb,Service Category,Open Eligibility Human Services,Access to emergency food.,,"Hope House,Bellingham Family Resource Centers",,,
Emergency Shelter,recapxg86Fb9uzqNx,Emergency,recv9Cso39oBw8MCb,Service Category,Open Eligibility Human Services,,,"Ferndale Severe Weather Shelter,DVSAS Safe Housing Program",,,
Help Find Missing Persons,recrb3AgidBBXPSDz,Emergency,recv9Cso39oBw8MCb,Service Category,Open Eligibility Human Services,Emergency services to assist in finding a missing person.,,,,,
Immediate Safety,recGwLimJylbPv5Hz,Emergency,recv9Cso39oBw8MCb,Service Category,Open Eligibility Human Services,"Immediate services to help escape violence, find safe and protective housing, or otherwise protect an individual's immediate personal safety.",,"Adult Protective Services,Child Protective Services,Child Abuse Hotline,DVSAS 24-Hour Helpline,DVSAS Advocacy Counseling,DVSAS Safe Housing Program",,,
Help Escape Violence,recGZDH38sictwGTY,Immediate Safety,recGwLimJylbPv5Hz,Service Category,Open Eligibility Human Services,Services for helping escape dangerous situations.,,"Ask an Advocate at DVSAS,Legal Assistance at DVSAS,DVSAS 24-Hour Helpline,DVSAS Advocacy Counseling,DVSAS Safe Housing Program",,,
Safe Housing,recyE8wcXQhwdr8At,Immediate Safety,recGwLimJylbPv5Hz,Service Category,Open Eligibility Human Services,Safe and secure residential facility in an undisclosed location where victims of abuse can remain safe from the abuser.,,"DVSAS Partnership,DVSAS Safe Housing Program",,,
Psychiatric Emergency Services,recEw2UYJyzNSxsk5,Emergency,recv9Cso39oBw8MCb,Service Category,Open Eligibility Human Services,"24/7 emergency psychiatric assessment, crisis intervention, physician services, and referrals for children and adults experiencing psychiatric distress.",,PeaceHealth Emergency Medicine,,,
Community Gardens,recfiKWaizoHZtPlF,Food,rec6msXLncJckr8ek,Service Category,Open Eligibility Human Services,Access to food through community gardens.,,"Community Garden (A Watered Garden),City of Bellingham Community Garden Program",,,
Food Delivery,rec0lePzi0r6YHV72,Food,rec6msXLncJckr8ek,Service Category,Open Eligibility Human Services,"Services providing well-balanced meals to those living alone or with another person who is unable to prepare regular, adequate meals.",,,,,
Food Pantry,reczMiZVCCACk2iu3,Food,rec6msXLncJckr8ek,Service Category,Open Eligibility Human Services,Services providing food to meet nourishment needs of individuals and families.,,"Southside Food Bank,Bellingham Food Bank,Blaine Food Bank,Nooksack Valley Food Bank,Ferndale Food Bank,Foothills Food Bank,Lummi Food Bank,Project Hope Food Bank,Nooksack Food Bank,Salvation Army Food Bank,Sumas Food Bank,Food Lifeline Mobile Pantry",,,
Free Meals,recQIjrVP43MjBU7T,Food,rec6msXLncJckr8ek,Service Category,Open Eligibility Human Services,,,"Maple Alley Inn,Loaves and Fishes Community Meal,CAST,Bellingham Community Meal ",,,
Food Benefits,recLDXNT9zWcqPFj1,Help Pay for Food,reclNA3Wwp1htS782,Service Category,Open Eligibility Human Services,,,"Opportunity Council Community Resource Center,East Whatcom Regional Resource Center,Basic Food Outreach,Basic Food,Sea Mar WIC and Nutrition Program,Nooksack WIC Program,Lummi Tribal WIC Program",,,
Nutrition,recsjz9aCm9eI3HvD,Food,rec6msXLncJckr8ek,Service Category,Open Eligibility Human Services,Services providing instruction and guidance to maintain or improve nutritional well-being.,,"Child Care Nutrition Program,Sea Mar WIC and Nutrition Program,Nooksack WIC Program,Lummi Tribal WIC Program,Nutrition Class (A Watered Garden),PeaceHealth Nutrition Services,Answers Counseling Maternity Support Services",,,
Help Find Housing,recb6fXM65HersYLt,Housing,recCKTPd4gJzUTY28,Service Category,Open Eligibility Human Services,Services for helping find the right housing for your needs.,,"Opportunity Council Community Resource Center,Opportunity Council Homeless Housing Programs",,,
Home & Renters Insurance,rec7jfs219MXqvrbH,Help Pay for Housing,recJYGDCounIMHC0T,Service Category,Open Eligibility Human Services,Protection against future loss related to housing.,,,,,
Housing Vouchers,recdpXtZju5oBVh1a,Help Pay for Housing,recJYGDCounIMHC0T,Service Category,Open Eligibility Human Services,Coupons to help pay for housing.,,Whatcom Homeless Service Center,,,
Maintenance & Repairs,rechdBo0CxxYWlvv2,Help Pay for Housing,recJYGDCounIMHC0T,Service Category,Open Eligibility Human Services,Free or low-cost home maintenance services.,,"Weatherization Plus Health Program,Weatherization Program,Home Repair Loan,City of Bellingham Mobile Home Repair",,,
Housing Advice,rechFAxtvrNqrnrWc,Housing,recCKTPd4gJzUTY28,Service Category,Open Eligibility Human Services,Services that can help guide individuals and families through issues related to housing.,,Financial Literacy and Renters Education,,,
Foreclosure Counseling,recWuUuTRUEFeusp1,Housing Advice,rechFAxtvrNqrnrWc,Service Category,Open Eligibility Human Services,Services to help homeowners protect their housing and avoid foreclosure.,,,,,
Homebuyer Education,rectT3TnTdVuOY8BJ,Housing Advice,rechFAxtvrNqrnrWc,Service Category,Open Eligibility Human Services,"Services to assist individual in purchasing a home. Topics include advice on buying a home, renting, defaults, foreclosures, and credit issues.",,,,,
Residential Housing,recUBocKtVQOQnM8G,Housing,recCKTPd4gJzUTY28,Service Category,Open Eligibility Human Services,Temporary and long-term residential housing programs and facilities.,,,,,
Long-Term Housing,reci7zq6u0lYhE1TQ,Residential Housing,recUBocKtVQOQnM8G,Service Category,Open Eligibility Human Services,"Permanent, safe and affordable housing for individuals and families including assisted living communities, supportive housing, nursing homes, and residential care.",,"Opportunity Council Homeless Housing Programs,Whatcom Homeless Service Center,Lydia Place Family Housing,Lydia Place Housing for Households Without Children",,,
Assisted Living,recWuNvvhh3c22KDA,Long-Term Housing,reci7zq6u0lYhE1TQ,Service Category,Open Eligibility Human Services,"Residential facility typically providing a room, meals, housekeeping and laundry service. Depending on the needs of the resident they may also provide assistance with daily activities such as personal hygiene, dressing, eating and walking.",,Aging and Long-Term Support Administration,,,
Independent Living,recaRtlgQEr4OwTie,Long-Term Housing,reci7zq6u0lYhE1TQ,Service Category,Open Eligibility Human Services,Residential housing for individuals or couples who are able to take care of their own daily needs.,,,,,
Nursing Home,recqyhi6r39JFnOto,Long-Term Housing,reci7zq6u0lYhE1TQ,Service Category,Open Eligibility Human Services,Residential facility providing 24-hour licensed nursing care intended for people who need ongoing medical care as well as help with daily activities.,,Aging and Long-Term Support Administration,,,
Public Housing,recTvxVOhlx093rYk,Long-Term Housing,reci7zq6u0lYhE1TQ,Service Category,Open Eligibility Human Services,"Publicly funded housing owned, maintained and administered by local public housing authorities.",,,,,
Short-Term Housing,recnW3sU3JCGbGLxd,Residential Housing,recUBocKtVQOQnM8G,Service Category,Open Eligibility Human Services,Time-limited safe and affordable housing for individuals and families typically ranging from 2 weeks to 24 months.,,"Opportunity Council Homeless Housing Programs,Whatcom Homeless Service Center,Lydia Place Family Housing,Lydia Place Housing for Households Without Children",,,
Sober Living,recVfEaOkra1aiuFS,Short-Term Housing,recnW3sU3JCGbGLxd,Service Category,Open Eligibility Human Services,Alcohol and drug free affordable housing environments where residents can develop individual recovery programs and become self supporting.,,,,,
Baby Supplies,recgCrtvEpiRwSBgX,Goods,recYkNaWD02ZhnpEv,Service Category,Open Eligibility Human Services,"Services providing baby goods and supplies like formula, diapers and clothes.",,Hope House,,,
Baby Clothes,rec9wIK1oLefDFw5b,Baby Supplies,recgCrtvEpiRwSBgX,Service Category,Open Eligibility Human Services,Services providing baby clothes.,,Hope House,,,
Diapers & Formula,recxvjjAVP6QClaEE,Baby Supplies,recgCrtvEpiRwSBgX,Service Category,Open Eligibility Human Services,Services providing diapers and formula.,,"Hope House,Ferndale Other Bank,Bellingham Family Resource Centers",,,
Clothing,recL3UHuwxQb3U60a,Goods,recYkNaWD02ZhnpEv,Service Category,Open Eligibility Human Services,Services that provide new or used clothing.,,"Hope House,East Whatcom Regional Resource Center,Interfaith Coalition Winter Warmth Drive,Blaine Clothing Bank,CAP Winter Coat Drive,Ferndale Resource Center,Project Hope Community Assistance,Blue Skies Shoe Distribution Program,Blue Skies Winter Warm-Up Distribution Program",,,
Clothes for School,recwWAC5AgF1Jlfsk,Clothing,recL3UHuwxQb3U60a,Service Category,Open Eligibility Human Services,New or used clothes for school.,,"Blaine Family Service Center,Bellingham Family Resource Centers,Blue Skies Shoe Distribution Program",,,
Clothes for Work,recYSq8M8y6BHebhe,Clothing,recL3UHuwxQb3U60a,Service Category,Open Eligibility Human Services,New or used clothing for work.,,"Basic Food Employment and Training Program (Opportunity Council),Foundational Community Support Employment Program ",,,
Clothing Vouchers,recjVy9m08MNe3KzD,Clothing,recL3UHuwxQb3U60a,Service Category,Open Eligibility Human Services,Coupons to help pay for clothing.,,,,,
Home Goods,recpXP4yQXZj1q6Sr,Goods,recYkNaWD02ZhnpEv,Service Category,Open Eligibility Human Services,Services providing new or used furniture items and other household supplies.,,"Hope House,East Whatcom Regional Resource Center,Ferndale Resource Center,Project Hope Community Assistance",,,
Blankets & Fans,rechzfUDDcmhpHM52,Home Goods,recpXP4yQXZj1q6Sr,Service Category,Open Eligibility Human Services,Services providing goods to help stay warm in the winter and cool in the summer.,,,,,
Books,rec54dNKKPSAVE2Q2,Home Goods,recpXP4yQXZj1q6Sr,Service Category,Open Eligibility Human Services,Services that provide free books.,,East Whatcom Regional Resource Center,,,
Furniture,recqtVIbSV5uSlSCp,Home Goods,recpXP4yQXZj1q6Sr,Service Category,Open Eligibility Human Services,Services providing new or used furniture.,,,,,
Personal Care Items,rece3S4OpuUrKdj0j,Home Goods,recpXP4yQXZj1q6Sr,Service Category,Open Eligibility Human Services,Services providing personal care items and hygiene necessities.,,"Hope House,East Whatcom Regional Resource Center,Ferndale Other Bank,Bellingham Family Resource Centers",,,
Supplies for Work,recJJCZYcmYQHquB6,Home Goods,recpXP4yQXZj1q6Sr,Service Category,Open Eligibility Human Services,Services providing supplies for work.,,"Basic Food Employment and Training Program (Opportunity Council),Foundational Community Support Employment Program ",,,
Medical Supplies,recuEeQjIgtwagauM,Goods,recYkNaWD02ZhnpEv,Service Category,Open Eligibility Human Services,"Programs that pay for or provide durable medical equipment or disposable medical supplies such as monitoring devices, respiratory aids, and prevention kits.",,,,,
Toys & Gifts,rec7gQR1YEUvAme3l,Goods,recYkNaWD02ZhnpEv,Service Category,Open Eligibility Human Services,Services providing toys and gifts for children.,,"East Whatcom Regional Resource Center,Blaine and Birch Bay Community Toy Store,Ferndale Holiday Giving Store",,,
Help Pay for Transit,recsuoQKj9GsVXX0B,Transit,recDAUBObMv6C8sEk,Service Category,Open Eligibility Human Services,"Services to help pay for transit, includes bus passes and gas.",,"Needs Based Ferry Passes,WTA Bus Passes (Opportunity Council),Project Hope Community Assistance",,,
Bus Passes,recOVdeeFN71Hnxps,Help Pay for Transit,recsuoQKj9GsVXX0B,Service Category,Open Eligibility Human Services,Services providing financial assistance in the form of bus passes.,,"WTA Bus Passes (Opportunity Council),Ferndale Resource Center,Project Hope Community Assistance",,,
Transportation,recLxdzEmSGBRoFid,Transit,recDAUBObMv6C8sEk,Service Category,Open Eligibility Human Services,Services that promote or provide access to transportation.,,"Needs Based Ferry Passes,WTA Bus Passes (Opportunity Council),Whatcom County Veterans Program",,,
Transportation for Healthcare,recV810UhGBjsG92s,Transportation,recLxdzEmSGBRoFid,Service Category,Open Eligibility Human Services,Low cost or free transportation to and/or from medical related appointments.,,,,,
Transportation for School,recXEvJrBcYtWKGQC,Transportation,recLxdzEmSGBRoFid,Service Category,Open Eligibility Human Services,Low cost or free transportation to and/or from school.,,,,,
Addiction & Recovery,recnlKCi4P14ZAjm6,Health,reciYkvwqodZbQOxg,Service Category,Open Eligibility Human Services,"Programs guiding members through recovery from addiction, compulsion or other behavioral problems.",,"Nooksack Genesis II Chemical Dependency Program,Parent Child Assistance Program,PeaceHealth Behavioral Health",,,
12-Step,recaKJhfvP3MoK58u,Addiction & Recovery,recnlKCi4P14ZAjm6,Service Category,Open Eligibility Human Services,Services to treat addiction through the 12-Step program.,,,,,
Detox,recwP2IHPaHN6TQkx,Addiction & Recovery,recnlKCi4P14ZAjm6,Service Category,Open Eligibility Human Services,Services treating severe intoxication and other withdrawal symptoms from reducing physical dependence on alcohol or drugs to avoid life-threatening medical crises during recovery.,,,,,
Outpatient Treatment,recZHDUzBN6L5gsW7,Addiction & Recovery,recnlKCi4P14ZAjm6,Service Category,Open Eligibility Human Services,Nonresidential treatment services.,,Nooksack Genesis II Chemical Dependency Program,,,
Residential Treatment,recu8YOl8nzNh4PaN,Addiction & Recovery,recnlKCi4P14ZAjm6,Service Category,Open Eligibility Human Services,Residential substance use treatment to assist patients in maintaining recovery while adjusting to regular daily living.,,,,,
Dental Care,recsyfErFtkAGFX9Y,Health,reciYkvwqodZbQOxg,Service Category,Open Eligibility Human Services,Low cost or free dental care.,,"Sea Mar Bellingham Dental Clinic,Sea Mar Healthcare for the Homeless Program,Sea Mar Migrant and Seasonal Farmworker Promotores Program,Unity Care NW Adult Dental Care,Unity Care NW Children's Dental Care,Nooksack Tribal Dental Clinic,Lummi Tribal Health Center,Lummi Tribal Dental Clinic",,,
End-of-Life Care,recyh2KKkL2h9FiCW,Health,reciYkvwqodZbQOxg,Service Category,Open Eligibility Human Services,"Services for pain management, spiritual support, grief counseling, bereavement support, and help paying for burial and funeral expenses.",,,,,
Bereavement,recKLrWiAfWhhxOiN,End-of-Life Care,recyh2KKkL2h9FiCW,Service Category,Open Eligibility Human Services,Grief counseling for the death or departure of a loved one.,,,,,
Burial & Funeral Help,rec9Z7Po9PQ03NjGT,End-of-Life Care,recyh2KKkL2h9FiCW,Service Category,Open Eligibility Human Services,Services relating to funeral ceremonies and burial arrangements.,,Whatcom County Veterans Program,,,
Hospice,reckokrDGFokbQD13,End-of-Life Care,recyh2KKkL2h9FiCW,Service Category,Open Eligibility Human Services,"Services providing healthcare, pain management, and emotional support to terminally ill patients and their caregivers.",,,,,
Pain Management,recUXYiIGz7QK0wgk,End-of-Life Care,recyh2KKkL2h9FiCW,Service Category,Open Eligibility Human Services,Medical services to relieve pain.,,,,,
Health Education,reck5XAwtGi6t3XeG,Health,reciYkvwqodZbQOxg,Service Category,Open Eligibility Human Services,"Services helping you learn about nutrition, daily living skills, parenting, family planning, disease management, disability, sex education, and mental health.",,"Sea Mar Health Education,Sea Mar Maternity Support Services,Sea Mar Migrant and Seasonal Farmworker Promotores Program,Nooksack Tribal Clinic,Sea Mar Bellingham Medical Clinic,Sea Mar Everson Medical Clinic,Answers Counseling Maternity Support Services",,,
Daily Life Skills,rec0klQNCqRHK80TH,Health Education,reck5XAwtGi6t3XeG,Service Category,Open Eligibility Human Services,Practical education and guidance in activities of daily living for those seeking to improve independent living ability.,,,,,
Disease Management,recyCMj34GvuU3vug,Health Education,reck5XAwtGi6t3XeG,Service Category,Open Eligibility Human Services,Services to help manage health conditions in day-to-day life and improve overall quality of life.,,"Sea Mar Health Education,Nooksack Tribal Clinic,Sea Mar Everson Medical Clinic",,,
Family Planning,rec8YBzBBxAKdywsn,Health Education,reck5XAwtGi6t3XeG,Service Category,Open Eligibility Human Services,Services to help plan having children and using birth control.,,"Sea Mar Health Education,Nooksack Tribal Clinic,Unity Care NW Primary and Preventative Health Care,Nurse-Family Partnership",,,
Parenting Education,recIYoQCXH2GX4meA,Health Education,reck5XAwtGi6t3XeG,Service Category,Open Eligibility Human Services,Services to educate individuals about parenting through classes and support.,,"GRADS,Early Head Start,Parents as Teachers ,Familia Latina,Parenting Education (Brigid Collins),Parent Coalition,Answers Counseling Parenting Programs",,,
Sex Education,rec9C48BPRFaWQjES,Health Education,reck5XAwtGi6t3XeG,Service Category,Open Eligibility Human Services,"Educational services related to sexual reproduction, intercourse, anatomy, reproductive health, emotional relationships, contraception, abstinence and personal rights and responsibilities.",,,,,
Understand Disability,recCxMWwGxYG6a0sF,Health Education,reck5XAwtGi6t3XeG,Service Category,Open Eligibility Human Services,Services providing general education to help individuals and supporters understand challenges of persons with disabilities.,,"Child Find Preschool Screenings (BPS),Child Find Screenings (BSD),Child Find Screenings (FSD),Child Find Screenings (LSD),Child Find Screenings (MBSD),Child Find Screenings (NVSD),Parent Coalition,Down Syndrome Outreach Program",,,
Understand Mental Health,recB4kQt0Y3JvMgRP,Health Education,reck5XAwtGi6t3XeG,Service Category,Open Eligibility Human Services,Information and instruction on living a mentally healthy life.,,,,,
Disability Benefits,recZhCS1KPf0NEvHf,Help Pay for Healthcare,recgLjAwF3IVODcJi,Service Category,Open Eligibility Human Services,Services providing supplemental income for individuals with disabilities.,,"Housing and Essential Needs,""Aged, Blind, or Disabled Program""",,,
Discounted Healthcare,recXDIX0dTNbvWCGW,Help Pay for Healthcare,recgLjAwF3IVODcJi,Service Category,Open Eligibility Human Services,Reduced cost healthcare services.,,,,,
Health Insurance,rec0pFmcCpAWdEuiJ,Help Pay for Healthcare,recgLjAwF3IVODcJi,Service Category,Open Eligibility Human Services,Insurance against loss due to ill health.,,,,,
Prescription Assistance,rec8W4OEhRE2BiE6I,Help Pay for Healthcare,recgLjAwF3IVODcJi,Service Category,Open Eligibility Human Services,Financial assistance for prescription drug related expenses.,,CAP Crisis Assistance,,,
Medical Care,recAt1RYmyx0kOuIt,Health,reciYkvwqodZbQOxg,Service Category,Open Eligibility Human Services,Services provided for medical care.,,"Sea Mar Bellingham Medical Clinic,Sea Mar Everson Medical Clinic,Sea Mar Healthcare for the Homeless Program,Sea Mar Migrant and Seasonal Farmworker Promotores Program,Unity Care NW Primary and Preventative Health Care,Unity Care NW Children's Medical Care,Nooksack Tribal Clinic,Lummi Tribal Health Center,PeaceHealth Pediatrics,PeaceHealth Family Medicine,PeaceHealth Immediate Primary and Urgent Care,PeaceHealth Primary Care,PeaceHealth Emergency Medicine",,,
Alternative Medicine,recd9AMiyqioB3z9F,Medical Care,recAt1RYmyx0kOuIt,Service Category,Open Eligibility Human Services,"Medical practice using self-awareness, herbal medicine, biofeedback or acupuncture.",,,,,
Assistive Technology,recQQSOYymR9UTzA2,Medical Care,recAt1RYmyx0kOuIt,Service Category,Open Eligibility Human Services,"Programs that pay for or provide services, equipment and supplies to help perform activities of daily living and employment tasks such as communication devices, mobility aids, education devices, tools and utensils.",,,,,
Birth Control,recebojBSmjf6c2bN,Medical Care,recAt1RYmyx0kOuIt,Service Category,Open Eligibility Human Services,Services provide forms of birth control.,,Unity Care NW Primary and Preventative Health Care,,,
Checkup & Test,rec1kbhC9u3BquA45,Medical Care,recAt1RYmyx0kOuIt,Service Category,Open Eligibility Human Services,Health and wellness services to check your current physical and mental well-being.,,"Unity Care NW Primary and Preventative Health Care,Sea Mar Bellingham Medical Clinic,Sea Mar Everson Medical Clinic,Unity Care NW Children's Medical Care,Nooksack Tribal Clinic,Lummi Tribal Health Center,PeaceHealth Immediate Primary and Urgent Care,PeaceHealth Family Medicine,PeaceHealth Pediatrics,PeaceHealth Primary Care",,,
Disability Screening,recViMSTdmNcd5RWO,Checkup & Test,rec1kbhC9u3BquA45,Service Category,Open Eligibility Human Services,Services provide screenings for disabilities.,,"Child Find Preschool Screenings (BPS),Child Find Screenings (BSD),Child Find Screenings (FSD),Child Find Screenings (LSD),Child Find Screenings (MBSD),Child Find Screenings (NVSD)",,,
Disease Screening,reczBxuVysQXOi67i,Checkup & Test,rec1kbhC9u3BquA45,Service Category,Open Eligibility Human Services,Services providing STD screening and other diagnostic services.,,,,,
Hearing Tests,recsjdDhANF7qJKQ7,Checkup & Test,rec1kbhC9u3BquA45,Service Category,Open Eligibility Human Services,Services providing tests to determine if an individual has hearing deficiencies.,,,,,
Mental Health Evaluation,rec5MxwiEOufcHbKy,Checkup & Test,rec1kbhC9u3BquA45,Service Category,Open Eligibility Human Services,Screening and evaluation services for individuals and groups with the purpose of attaining and maintaining good mental health.,,"Sea Mar Bellingham Behavioral Health Clinic,Sea Mar Bellingham Behavioral Health Child and Family Services,Unity Care NW Behavioral Health,PeaceHealth Behavioral Health",,,
Pregnancy Tests,rec80DtfwZP9RvTqf,Checkup & Test,rec1kbhC9u3BquA45,Service Category,Open Eligibility Human Services,Services providing tests to determine whether a woman is pregnant.,,,,,
Vision Tests,recvO5eZdb1A2TWb4,Checkup & Test,rec1kbhC9u3BquA45,Service Category,Open Eligibility Human Services,,,,,,
Maternity Care,receACWnJE9wFfvXS,Medical Care,recAt1RYmyx0kOuIt,Service Category,Open Eligibility Human Services,"Prenatal and maternity care activities including breastfeeding, exams, tests, counseling, education and referrals.",,"Sea Mar Maternity Support Services,Sea Mar Bellingham Medical Clinic,Lummi Tribal Health Center,CenteringPregnancy,Pregnancy and Childbirth Care at PeaceHealth,Nurse-Family Partnership,Answers Counseling Maternity Support Services",,,
Personal Hygiene,recIT2NHumbVjnYj3,Medical Care,recAt1RYmyx0kOuIt,Service Category,Open Eligibility Human Services,Services providing showers and other sanitation services.,,Free Shower Program,,,
Prevent & Treat,recKS0XVAOeMrFEMb,Medical Care,recAt1RYmyx0kOuIt,Service Category,Open Eligibility Human Services,Services that help prevent health conditions and treat current health conditions.,,"Sea Mar Bellingham Medical Clinic,Sea Mar Everson Medical Clinic,Unity Care NW Primary and Preventative Health Care,Unity Care NW Children's Medical Care,Nooksack Tribal Clinic,Lummi Tribal Health Center,Syringe Services Program",,,
Counseling,recmcWSEr2iFwDaTL,Prevent & Treat,recKS0XVAOeMrFEMb,Service Category,Open Eligibility Human Services,"Services for individuals, families and groups providing professional therapeutic interactions to address specific treatment goals.",,"Sea Mar Bellingham Behavioral Health Clinic,Sea Mar Bellingham Behavioral Health Child and Family Services,Sea Mar Maternity Support Services,Unity Care NW Behavioral Health,Nooksack Behavioral Health,Lummi Tribal Health Center,Answers Counseling Services,Answers Counseling Maternity Support Services",,,
HIV Treatment,recJ4p8qfVhfM9lMR,Prevent & Treat,recKS0XVAOeMrFEMb,Service Category,Open Eligibility Human Services,Services providing medical treatment for HIV/AIDS.,,,,,
Physical Therapy,recW96cYdGEFMs2g2,Prevent & Treat,recKS0XVAOeMrFEMb,Service Category,Open Eligibility Human Services,Support to restore or improve movement and strength for persons whose mobility has been impaired.,,Lummi Tribal Health Center,,,
Specialized Therapy,recTSw8i0MSfoBIGN,Prevent & Treat,recKS0XVAOeMrFEMb,Service Category,Open Eligibility Human Services,Specialized treatments that help relieve or improve conditions impacting daily living.,,Parent Child Interaction Therapy,,,
Vaccinations,recnJ4UInpNDGnvfq,Prevent & Treat,recKS0XVAOeMrFEMb,Service Category,Open Eligibility Human Services,Immunization to prevent disease.,,"Unity Care NW Children's Medical Care,Unity Care NW Primary and Preventative Health Care,Sea Mar Everson Medical Clinic,Lummi Tribal Health Center",,,
In-Home Support,recVeQlFTV6sovBoc,Prevent & Treat,recKS0XVAOeMrFEMb,Service Category,Open Eligibility Human Services,Services providing regular support to ensure families and caregivers are able to remain in their home.,,Aging and Long-Term Support Administration,,,
Financial Assistance,recbgFtOSl3oWCDSE,Money,recPlzafaM95ikCqj,Service Category,Open Eligibility Human Services,Services to help pay for things.,,"Temporary Assistance for Needy Families,Pregnant Woman Assistance Program,Refugee Cash Assistance,CAP Crisis Assistance,Family Funds Program,Our Little Wishes Enrichment Program,Our One-Time Little Wishes Program,Blue Skies Driver's Education Scholarship   ,Swim to Live Program,""The Evan J. Sobjack Memorial Fund, Legends of Mt. Baker "",Whatcom County Veterans Program",,,
Help Pay for Childcare,recW6p3Z19RNemT4K,Financial Assistance,recbgFtOSl3oWCDSE,Service Category,Open Eligibility Human Services,Financial assistance for childcare related expenses.,,Emergency Child Care Voucher,,,
Financial Aid & Loans,recBD89u5KZfAJBlA,Help Pay for School,rec9CBn7fr6g8Pg4c,Service Category,Open Eligibility Human Services,"Financial assistance to help pay for tuition, books and other education expenses.",,,,,
Help Pay for Work Expenses,rec2BLcRDmerXYd4W,Financial Assistance,recbgFtOSl3oWCDSE,Service Category,Open Eligibility Human Services,Financial assistance to help pay for work expenses like clothing and certifications.,,"Basic Food Employment and Training Program (Opportunity Council),Foundational Community Support Employment Program ",,,
Government Benefits,recIiMl04p86EPI38,Money,recPlzafaM95ikCqj,Service Category,Open Eligibility Human Services,Supplemental income assistance.,,"Housing and Essential Needs,Temporary Assistance for Needy Families,Pregnant Woman Assistance Program,Refugee Cash Assistance,Whatcom County Veterans Program",,,
Retirement Benefits,recWzWiu4dbXu9ACJ,Government Benefits,recIiMl04p86EPI38,Service Category,Open Eligibility Human Services,Services providing retirement benefit plans.,,,,,
Understand Government Programs,recpnoY5J77G40NJ2,Government Benefits,recIiMl04p86EPI38,Service Category,Open Eligibility Human Services,Services providing information and guidance to help navigate and access government programs.,,,,,
Unemployment Benefits,recGToXH3ZZRDWmQx,Government Benefits,recIiMl04p86EPI38,Service Category,Open Eligibility Human Services,Services providing temporary financial assistance benefits to those who are unemployed.,,,,,
Financial Education,recPJzsKXTsP7BWvR,Money,recPlzafaM95ikCqj,Service Category,Open Eligibility Human Services,"Services to help increase savings, manage debt, prepare to buy a house, and prevent home foreclosure.",,"Financial Literacy and Renters Education,On the Money",,,
Credit Counseling,rec5Q8TGXK5hy3COr,Financial Education,recPJzsKXTsP7BWvR,Service Category,Open Eligibility Human Services,Financial education services to help improve credit scores and reduce debt.,,"Financial Literacy and Renters Education,On the Money",,,
Savings Program,recb9x5Uk0ZUsGMvU,Financial Education,recPJzsKXTsP7BWvR,Service Category,Open Eligibility Human Services,Services to assist individuals save money.,,,,,
Insurance,rec9PmsxCOdPOUvhk,Money,recPlzafaM95ikCqj,Service Category,Open Eligibility Human Services,Programs protecting against future loss.,,,,,
Tax Preparation,rec3Wd4K4VB1xdZQw,Money,recPlzafaM95ikCqj,Service Category,Open Eligibility Human Services,Programs to help individuals prepare their tax returns.,,,,,
Adoption & Foster Care,rec3OblwwM1LIhz0a,Care,recFynVbJhP9DcOwP,Service Category,Open Eligibility Human Services,"Services surrounding the legal and supportive processes involved in selection, placement and supervision of adults and children into adoption and foster care homes.",,"Kinship Care,Foster Parenting and Kinship Care,Foster Parent and Caregiver Support line,Foster Grads Program",,,
Adoption & Foster Placement,recOuFo0RQZR4aztk,Adoption & Foster Care,rec3OblwwM1LIhz0a,Service Category,Open Eligibility Human Services,Services that help select families and children for adoption and supervision for the child during placement.,,"Foster Parenting and Kinship Care,Foster Parent and Caregiver Support line",,,
Adoption & Foster Parenting,recj5Q4dhvmHnzEbF,Adoption & Foster Care,rec3OblwwM1LIhz0a,Service Category,Open Eligibility Human Services,Services related to becoming a foster parent and support while parenting.,,"Kinship Care,Foster Parenting and Kinship Care,Foster Parent and Caregiver Support line",,,
Adoption Planning,recXB1QWe0dhVoG4P,Adoption & Foster Care,rec3OblwwM1LIhz0a,Service Category,Open Eligibility Human Services,Services for anyone considering an adoption plan for their child.,,Adoption Support Program,,,
Post-Adoption Support,receCFKXkaUtNuNLc,Adoption & Foster Care,rec3OblwwM1LIhz0a,Service Category,Open Eligibility Human Services,Support services to help families after an adoption.,,Kinship Care,,,
Animal Welfare,recgpW1cLMNyZ3aVn,Care,recFynVbJhP9DcOwP,Service Category,Open Eligibility Human Services,"Services for pet food and supplies, companion animals, shelters and rescue, and help paying for pet care.",,,,,
Daytime Care,recITCMLWdpvz84Xc,Care,recFynVbJhP9DcOwP,Service Category,Open Eligibility Human Services,Services providing daytime caregiving programs and activities.,,Child Care Aware of NW Washington,,,
Adult Daycare,recIHRJtwssvPFe29,Daytime Care,recITCMLWdpvz84Xc,Service Category,Open Eligibility Human Services,Services providing supervised planned care for adults.,,,,,
Afterschool Care,recIKEexxEALxSxiP,Daytime Care,recITCMLWdpvz84Xc,Service Category,Open Eligibility Human Services,Services providing supervised care for children after school is over.,,,,,
Childcare,recNHN96Flxd18XRt,Daytime Care,recITCMLWdpvz84Xc,Service Category,Open Eligibility Human Services,Services providing supervised planned care for children.,,"Child Find Screenings (LSD),GRADS,Child Care Aware of NW Washington,Emergency Child Care Voucher",,,
Help Find Childcare,recqZnWdkZeo2DENj,Childcare,recNHN96Flxd18XRt,Service Category,Open Eligibility Human Services,Services to help find the right childcare program for your needs.,,Child Care Aware of NW Washington,,,
Day Camp,recMuW95bxVzppzBw,Daytime Care,recITCMLWdpvz84Xc,Service Category,Open Eligibility Human Services,Care and activities typically for children during the daytime.,,,,,
Preschool,recGS0bYbwxsgLeKd,Daytime Care,recITCMLWdpvz84Xc,Service Category,Open Eligibility Human Services,Services providing supervised planned care for children age three through entrance into kindergarten.,,"Developmental Preschool (BPS),Child Find Preschool Screenings (BPS),Mt. Baker Educational Resource Center,Nooksack Valley Early Childhood Program,Child Find Screenings (BSD),Developmental Preschool (BSD),Child Find Screenings (FSD),Developmental Preschool (FSD),Child Find Screenings (LSD),Developmental Preschool (MSD),Child Find Screenings (MBSD),Child Find Screenings (NVSD),Head Start",,,
Recreation,recXSER99ndvVMgCn,Daytime Care,recITCMLWdpvz84Xc,Service Category,Open Eligibility Human Services,Services providing recreational and leisure activities.,,"Our Little Wishes Enrichment Program,Our One-Time Little Wishes Program,Swim to Live Program,""The Evan J. Sobjack Memorial Fund, Legends of Mt. Baker "",Arne Hanna Aquatic Center,Bellingham Playbook,Free Museum Passes through BPL ,WCLS Event Calendar,WCLS Events Calendar",,,
Relief for Caregivers,recHErmmsvue5qIVh,Daytime Care,recITCMLWdpvz84Xc,Service Category,Open Eligibility Human Services,Supervised care for dependent individuals providing temporary relief for family or other caregivers.,,,,,
Navigating the System,recjW3uPkRdSkwZwb,Care,recFynVbJhP9DcOwP,Service Category,Open Eligibility Human Services,Services that provide general advice and guidance about resources for any situation.,,"Single Entry Access to Services,Opportunity Council Community Resource Center,East Whatcom Regional Resource Center,Homeless Outreach Team,Ferndale Resource Center,Parent Coalition,Whatcom County Veterans Program,Infant Case Management,Answers Counseling Maternity Support Services,WCLS Community Resources,Legal Assistance at DVSAS",,,
Help Fill out Forms,recxDUWqNShvCh5PY,Navigating the System,recjW3uPkRdSkwZwb,Service Category,Open Eligibility Human Services,Services providing assistance filling out difficult government forms and applications.,,,,,
Help Find School,recMGuqjbAWYur7g5,Navigating the System,recjW3uPkRdSkwZwb,Service Category,Open Eligibility Human Services,Services for helping find the right school or learning program for your needs.,,,,,
Help Find Work,recD0R7SNBKL1THVr,Navigating the System,recjW3uPkRdSkwZwb,Service Category,Open Eligibility Human Services,Activities assisting in obtaining employment by matching the skills and capabilities of job seekers with those demanded by job openings.,,"Basic Food Employment and Training Program (Opportunity Council),Foundational Community Support Employment Program ,Division of Vocational Rehabilitation,Ferndale Resource Center",,,
Residential Care,recjrbb2HSgyaHdpa,Care,recFynVbJhP9DcOwP,Service Category,Open Eligibility Human Services,Out of home overnight care.,,Aging and Long-Term Support Administration,,,
Overnight Camp,reccSnwlSpPxog0KQ,Residential Care,recjrbb2HSgyaHdpa,Service Category,Open Eligibility Human Services,Services providing overnight camps.,,,,,
Support Network,reczPHnbc0WTe8J74,Care,recFynVbJhP9DcOwP,Service Category,Open Eligibility Human Services,Services to help build and maintain supportive relationships.,,"Prevention Coalitions,Ask an Advocate at DVSAS,DVSAS 24-Hour Helpline,DVSAS Advocacy Counseling,DVSAS Support Groups",,,
Help Hotlines,recCaUmmFlIV3UOwU,Support Network,reczPHnbc0WTe8J74,Service Category,Open Eligibility Human Services,Services for individuals to call 24/7 to get assistance.,,"Adult Protective Services,Child Abuse Hotline,Foster Parent and Caregiver Support line,Tutu's Free Food Hotline,DVSAS 24-Hour Helpline",,,
Home Visiting,recJjmOFKPrK8f2uK,Support Network,reczPHnbc0WTe8J74,Service Category,Open Eligibility Human Services,"Visits to homebound, hospitalized or other socially isolated individuals due to disability, old age, or lack of companionship to maintain contact with others to just talk, read, listen etc.",,"Parent Child Assistance Program,Nurse-Family Partnership",,,
Mentoring,recewi7cgEyXsIuNB,Support Network,reczPHnbc0WTe8J74,Service Category,Open Eligibility Human Services,Services that provide individuals with someone who can advise or train them.,,,,,
One-on-One Support,receszGz2p4iqVytY,Support Network,reczPHnbc0WTe8J74,Service Category,Open Eligibility Human Services,Services providing one-on-one interaction with a case worker.,,"Parenting Education (Brigid Collins),Parent to Parent Support Programs,Ask an Advocate at DVSAS,Legal Assistance at DVSAS,DVSAS 24-Hour Helpline,DVSAS Advocacy Counseling",,,
Peer Support,recAUFrYX3nmQ2p4Z,Support Network,reczPHnbc0WTe8J74,Service Category,Open Eligibility Human Services,Support services from a person who has common life experiences and is working to assist other people with those same experiences.,,Parent to Parent Support Programs,,,
Spiritual Support,recOxyTdWPv6uglRt,Support Network,reczPHnbc0WTe8J74,Service Category,Open Eligibility Human Services,Services providing religious and spiritual support.,,,,,
Support Groups,recrHRnwl3cJ2GqbU,Support Network,reczPHnbc0WTe8J74,Service Category,Open Eligibility Human Services,Groups of people sharing common bonds coming together on a regular basis to share problems and experiences.,,"Unity Care NW Behavioral Health,Parenting Education (Brigid Collins),Parent to Parent Support Programs,Self-Advocacy Program,DVSAS Support Groups",,,
Virtual Support,rectIKoJwvvoEYTbL,Support Network,reczPHnbc0WTe8J74,Service Category,Open Eligibility Human Services,Online support environments.,,,,,
More Education,recxkS1dX1ZBiHPth,Education,recOGCSUVHnuizJWp,Service Category,Open Eligibility Human Services,"Opportunities to acquire knowledge, skills or behavior.",,"Conversational Spanish Classes (A Watered Garden),GED Class (A Watered Garden),Basic Computer Skills (A Watered Garden),Tech Help at BPL,Learning Resources at BPL",,,
Alternative Education,recRFXeQbgccPOlO8,More Education,recxkS1dX1ZBiHPth,Service Category,Open Eligibility Human Services,Alternative education options for children and teens having difficulty succeeding in traditional public schools.,,,,,
Disaster Preparedness & Response,recchYXPbnvgUgAmv,More Education,recxkS1dX1ZBiHPth,Service Category,Open Eligibility Human Services,"Services providing emergency planning, preparation, response relief, and recovery for natural disasters.",,,,,
English as a Second Language (ESL),reccdQfKvmhGIpezE,More Education,recxkS1dX1ZBiHPth,Service Category,Open Eligibility Human Services,Services providing practical english language literacy instruction.,,"ESL/ELL Classes (A Watered Garden),Learning Resources at BPL",,,
Foreign Languages,recbPcAyrh09fZotI,More Education,recxkS1dX1ZBiHPth,Service Category,Open Eligibility Human Services,Instruction for learning foreign languages.,,"ESL/ELL Classes (A Watered Garden),Conversational Spanish Classes (A Watered Garden),Learning Resources at BPL",,,
GED/High-School Equivalency,recMOmf8a3bquZkPG,More Education,recxkS1dX1ZBiHPth,Service Category,Open Eligibility Human Services,Instruction to help prepare individuals for the GED or High School Equivalency.,,GED Class (A Watered Garden),,,
Nutrition Education,recxKh3xVgHqKNd5W,Health Education,reck5XAwtGi6t3XeG,Service Category,Open Eligibility Human Services,,,"Sea Mar Health Education,Sea Mar WIC and Nutrition Program,Nooksack Tribal Clinic,Sea Mar Bellingham Medical Clinic,Nooksack WIC Program,Lummi Tribal WIC Program,Nutrition Class (A Watered Garden),PeaceHealth Nutrition Services,Answers Counseling Maternity Support Services",,,
Supported Employment,recZ9PsUXKL4WkvRr,More Education,recxkS1dX1ZBiHPth,Service Category,Open Eligibility Human Services,"Services providing a supported work environment, typically for individuals with severe disabilities.",,,,,
Special Education,recpRyLj97Lx6Zwvg,More Education,recxkS1dX1ZBiHPth,Service Category,Open Eligibility Human Services,Educational services for those with learning or developmental disabilities and other cognitive challenges.,,,,,
Tutoring,recIIAFGojiw5VYDY,More Education,recxkS1dX1ZBiHPth,Service Category,Open Eligibility Human Services,Services providing additional or private instruction.,,,,,
Screening & Exams,recg9Sdf5r3NFtaVQ,Education,recOGCSUVHnuizJWp,Service Category,Open Eligibility Human Services,Services that screen and give exams for various circumstances that are specific to education.,,,,,
Citizenship & Immigration,recRYIKf9jodCgKdr,Screening & Exams,recg9Sdf5r3NFtaVQ,Service Category,Open Eligibility Human Services,Services to help navigate US citizenship and immigration.,,"Office of Refugee and Immigrant Assistance,U.S. Citizenship Class (A Watered Garden)",,,
Skills & Training,recbBHt7kGgyMGbns,Education,recOGCSUVHnuizJWp,Service Category,Open Eligibility Human Services,Training and preparation for specific employment opportunities.,,Basic Computer Skills (A Watered Garden),,,
Basic Literacy,reccN6GBwyrJVSaG1,Skills & Training,recbBHt7kGgyMGbns,Service Category,Open Eligibility Human Services,Services to help improve basic reading and writing skills.,,,,,
Computer Class,recxXf02BG8n1DE35,Skills & Training,recbBHt7kGgyMGbns,Service Category,Open Eligibility Human Services,Services to help improve computer skills and abilities.,,"Basic Computer Skills (A Watered Garden),Tech Help at BPL,Learning Resources at BPL",,,
Interview Training,recRQuYhSgwkw6jQn,Skills & Training,recbBHt7kGgyMGbns,Service Category,Open Eligibility Human Services,Services to help prepare individuals for job interviews.,,Ferndale Resource Center,,,
Resume Development,recTVspbEMb3LtaBC,Skills & Training,recbBHt7kGgyMGbns,Service Category,Open Eligibility Human Services,Employment services to help prepare for job interviews and improve resumes.,,"Ferndale Resource Center,Basic Computer Skills (A Watered Garden)",,,
Skills Assessment,recBsGBWEqwKEPWTB,Skills & Training,recbBHt7kGgyMGbns,Service Category,Open Eligibility Human Services,"Programs that measure skill, abilities, interests, personality traits and other characteristics affecting work related success.",,,,,
Specialized Training,rech0HataEEk2PWKq,Skills & Training,recbBHt7kGgyMGbns,Service Category,Open Eligibility Human Services,Various types of specific job trainings.,,,,,
Job Placement,recFlnFS3xFDr8MBA,Help Find Work,recD0R7SNBKL1THVr,Service Category,Open Eligibility Human Services,Activities assisting in obtaining employment by matching the skills and capabilities of job seekers with those demanded by job openings.,,,,,
Workplace Rights,rectV6Pj8fD8Rinrg,Work,recgLX6b1UIeYq0PK,Service Category,Open Eligibility Human Services,,,,,,
Advocacy & Legal Aid,recRCK48kqTIzk8D5,Legal,rec7zSrfhPad6ViS5,Service Category,Open Eligibility Human Services,Services that provide advocacy and/or legal aid for individuals.,,Legal Assistance at DVSAS,,,
Discrimination & Civil Rights,rec5sMP7SxVTF21CT,Advocacy & Legal Aid,recRCK48kqTIzk8D5,Service Category,Open Eligibility Human Services,Services to help fight for your rights.,,,,,
Guardianship,recztObrlCZ0KxoOp,Advocacy & Legal Aid,recRCK48kqTIzk8D5,Service Category,Open Eligibility Human Services,Services providing legal management of individuals property and rights.,,Parent Coalition,,,
Identification Recovery,recuZPMPOzfaXv4Kx,Advocacy & Legal Aid,recRCK48kqTIzk8D5,Service Category,Open Eligibility Human Services,"Services to help pay for and retrieve birth certificates, social security numbers, and other forms of identification.",,,,,
Mediation,recpNBpeujF7Tkzxu,Legal,rec7zSrfhPad6ViS5,Service Category,Open Eligibility Human Services,Intervening for the purposes of reaching an agreement or resolve difference.,,,,,
Notary,recAEElnvdFFqTrmA,Legal,rec7zSrfhPad6ViS5,Service Category,Open Eligibility Human Services,Services to authorize or certify certain legal documents.,,East Whatcom Regional Resource Center,,,
Representation,recz4MWJJVN9Dbes9,Legal,rec7zSrfhPad6ViS5,Service Category,Open Eligibility Human Services,Legal work performed by a licensed attorney.,,,,,
Translation & Interpretation,reczUmivNX6F7fwK8,Legal,rec7zSrfhPad6ViS5,Service Category,Open Eligibility Human Services,Services providing translators or interpreters to assist with communication.,,,,,
Adoption Counseling,recvi1VfeDfuypVsw,Adoption & Foster Care,rec3OblwwM1LIhz0a,Service Category,Open Eligibility Human Services,Services for anyone needing counseling prior to or during adoption process.,,Adoption Support Program,,,
Anger Management,recfQGnUB3VdiLCSh,Mental Health Care,recpSmwmXlthgV7gO,Service Category,Open Eligibility Human Services,Services to assist individuals with anger issues.,,,,,
Before School Care,recTHFkRhlzsDUvE9,Daytime Care,recITCMLWdpvz84Xc,Service Category,Open Eligibility Human Services,Services providing supervised care for children before school is in session.,,,,,
Business Loans,recM9wbsyc0T4HaRY,,,Service Category,Open Eligibility Human Services,Programs that provide business financing to members of underserved communities that lack access to traditional financial services to help promote entrepreneurship.,,,,,
Case Management,recPJvpaJHs1EMUXw,Navigating the System,recjW3uPkRdSkwZwb,Service Category,Open Eligibility Human Services,"Case management services to help assess, plan, coordinate, navigate or advocate for options to meet their clients? needs.?",,"Unity Care NW Behavioral Health,Parent Child Assistance Program,Infant Case Management,Answers Counseling Maternity Support Services",,,
Community Support Services,recwQuL3cKTIDX0Ib,Care,recFynVbJhP9DcOwP,Service Category,Open Eligibility Human Services,"A place where people can meet for social, educational, or community services or activities (examples are Resource Centers, Senior Centers, and Libraries).",,"Bellingham Family Resource Centers,Ferndale Student Services,Meridian Readiness to Learn,Mt. Baker Family Services,Opportunity Council Community Resource Center,East Whatcom Regional Resource Center,Homeless Outreach Team,Ferndale Resource Center,Computers and Technology Access at BPL,Tech Help at BPL,WiFi Hotspot Lending at BPL,Meeting Rooms at BPL ,Free Museum Passes through BPL ,Outreach Services at BPL ,Nonprofit Resources at BPL,Teacher Resources at BPL,BPL Calendar,Learning Resources at BPL,Research Tools at BPL,WCLS WiFi and Laptops,WCLS Printing Services,WCLS Meeting Spaces,WCLS Learning Resources,WCLS Community Resources,WCLS Event Calendar,WCLS Events Calendar,Ask an Advocate at DVSAS,Legal Assistance at DVSAS,DVSAS 24-Hour Helpline,DVSAS Advocacy Counseling,DVSAS Support Groups",,,
Computer or Internet Access,recWlYhypSgHFFWRW,Community Support Services,recwQuL3cKTIDX0Ib,Service Category,Open Eligibility Human Services,"Provides access to computers, word processing programs, and the Internet for users who otherwise would not be able to connect to these services.",,"East Whatcom Regional Resource Center,Ferndale Resource Center,Basic Computer Skills (A Watered Garden),Computers and Technology Access at BPL,Tech Help at BPL,WiFi Hotspot Lending at BPL,WCLS WiFi and Laptops",,,
Drug Testing,recf5vOz2hnucg4ul,Addiction & Recovery,recnlKCi4P14ZAjm6,Service Category,Open Eligibility Human Services,Services to test individuals for drug usage.,,,,,
Early Childhood Intervention,recoILBn6aJRJVOJz,Prevent & Treat,recKS0XVAOeMrFEMb,Service Category,Open Eligibility Human Services,"Services and supports addressing developmental delays or risks of delays, including therapeutic services, for families of children from 0 and 36 months.",,"Developmental Preschool (BPS),Child Find Preschool Screenings (BPS),Mt. Baker Educational Resource Center,Nooksack Valley Early Childhood Program,Child Find Screenings (BSD),Developmental Preschool (BSD),Child Find Screenings (FSD),Developmental Preschool (FSD),Child Find Screenings (LSD),Developmental Preschool (MSD),Child Find Screenings (MBSD),Child Find Screenings (NVSD),Early Head Start,Early Support for Infants and Toddlers (Opportunity Council),Parent Child Interaction Therapy,Early Support for Infants and Toddlers (WCEL),WCEL Friends Playgroup,Nurse-Family Partnership,Infant Case Management",,,
Efficiency Upgrades,recviNaQYEPkTTrTM,Maintenance & Repairs,rechdBo0CxxYWlvv2,Service Category,Open Eligibility Human Services,"Services for upgrading home for efficiency. Examples are lights, gas, electric.",,City of Bellingham Mobile Home Repair,,,
Efficient Appliances,reck9wKsIibB795yA,Home Goods,recpXP4yQXZj1q6Sr,Service Category,Open Eligibility Human Services,Services providing efficient appliances such as refrigerators.,,Weatherization Program,,,
Exercise & Fitness,recMmuyxlooSqBGzi,Medical Care,recAt1RYmyx0kOuIt,Service Category,Open Eligibility Human Services,Services that provide various exercise and fitness opportunities.,,,,,
Family Counseling,recoLdYggUaCc73jH,Mental Health Care,recpSmwmXlthgV7gO,Service Category,Open Eligibility Human Services,Services that provide professional counseling for families.,,"Sea Mar Bellingham Behavioral Health Child and Family Services,Answers Counseling Services",,,
Fertility,recS8H2VDlO0jrYPD,Sexual & Reproductive Health,rec6UZxL4OrpRUPCp,Service Category,Open Eligibility Human Services,Services that assist with fertility related issues.,,,,,
Government Food Benefits,recqJMdurXascAmeG,Government Food Benefits,recqJMdurXascAmeG,Service Category,Open Eligibility Human Services,"Government benefits to obtain food (WIC, SNAP).",,"Opportunity Council Community Resource Center,East Whatcom Regional Resource Center,Basic Food Outreach,Basic Food,Sea Mar WIC and Nutrition Program,Nooksack WIC Program,Lummi Tribal WIC Program",,,
Group Therapy,recmZaZ3ajOvvocq4,Counseling,recmcWSEr2iFwDaTL,Service Category,Open Eligibility Human Services,Services that provide a group setting for individuals to discuss their problems under the supervision of a therapist.,,Sea Mar Bellingham Behavioral Health Child and Family Services,,,
Head Start,recTcZuOrFxTGOCTs,Daytime Care,recITCMLWdpvz84Xc,Service Category,Open Eligibility Human Services,"Services providing comprehensive early childhood education, health, nutrition, and parent involvement services.",,"Nooksack Valley Early Childhood Program,Early Head Start,Head Start",,,
Health & Safety,recLpmynC0bhqHBbr,Maintenance & Repairs,rechdBo0CxxYWlvv2,Service Category,Open Eligibility Human Services,Services for upgrading home for health and safety. An example would be a wheelchair ramp.,,"Weatherization Program,Weatherization Plus Health Program,City of Bellingham Mobile Home Repair",,,
Help Find Healthcare,reciKWYeZkpxS4ErG,Medical Care,recAt1RYmyx0kOuIt,Service Category,Open Eligibility Human Services,Services that help find the right healthcare options for your needs.,,,,,
Help Pay for Car,recHKpbTCa80NKFbv,Transit,recDAUBObMv6C8sEk,Service Category,Open Eligibility Human Services,"Help with paying for vehicle maintenance, repairs, or purchasing.",,,,,
Help Pay for Internet or Phone,recqxNXQdJkPFnnX2,Help Pay for Housing,recJYGDCounIMHC0T,Service Category,Open Eligibility Human Services,Financial assistance to pay for home or personal communication services such as landline or mobile phone services or internet access.,,,,,
Home Fuels,recapIu1kSRwyRU6k,Home Goods,recpXP4yQXZj1q6Sr,Service Category,Open Eligibility Human Services,Services providing home fuels such as firewood or propane.,,,,,
Hospital Treatment,recT51FUgnytIo4Op,Prevent & Treat,recKS0XVAOeMrFEMb,Service Category,Open Eligibility Human Services,Treatment within a hospital.,,,,,
Individual Counseling,receBBmmUm0PJgBIF,Counseling,recmcWSEr2iFwDaTL,Service Category,Open Eligibility Human Services,Services that provide professional counseling to individual people.,,Answers Counseling Services,,,
Loans ,recrsZF5X2cdmetHe,Money,recPlzafaM95ikCqj,Service Category,Open Eligibility Human Services,Programs that provide quality financing or microloans to members of underserved communities that lack access to traditional financial services.,,,,,
Meals,recfk98nkziKgILB0,Food,rec6msXLncJckr8ek,Service Category,Open Eligibility Human Services,Services providing meals.,,"Maple Alley Inn,Loaves and Fishes Community Meal,CAST,Bellingham Community Meal ",,,
Medication Management,recEoGfZ4rxqjBNCB,Prevent & Treat,recKS0XVAOeMrFEMb,Service Category,Open Eligibility Human Services,"Services that help people understand and manage medications used to treat health conditions and help with safe, effective, and appropriate drug therapy (such as managing drug interactions, help remembering to take pills, help administering IV medications).",,Unity Care NW Behavioral Health,,,
Medications for Addiction,recVnjBWhEHgiwErS,Addiction & Recovery,recnlKCi4P14ZAjm6,Service Category,Open Eligibility Human Services,"Services that provide medications for recovery from substance use (including NARCAN, suboxone, methadone, buprenorphine).",,"Nooksack Genesis II Chemical Dependency Program,Sea Mar Bellingham Behavioral Health Clinic",,,
Medications for Mental Health,recsow8v5A4oUJJVH,Mental Health Care,recpSmwmXlthgV7gO,Service Category,Open Eligibility Human Services,Services that prescribe or provide medications for individuals with mental health issues.,,"Sea Mar Bellingham Behavioral Health Clinic,Unity Care NW Behavioral Health,PeaceHealth Behavioral Health",,,
Mental Health Care,recpSmwmXlthgV7gO,Health,reciYkvwqodZbQOxg,Service Category,Open Eligibility Human Services,Services for individuals with mental health issues.,,"Sea Mar Bellingham Behavioral Health Clinic,Sea Mar Bellingham Behavioral Health Child and Family Services,Sea Mar Healthcare for the Homeless Program,Unity Care NW Behavioral Health,Nooksack Behavioral Health,Lummi Tribal Health Center,PeaceHealth Behavioral Health,Answers Counseling Services,Answers Counseling Maternity Support Services",,,
Occupational Therapy,recIVnWeUYdnjn5UP,Prevent & Treat,recKS0XVAOeMrFEMb,Service Category,Open Eligibility Human Services,"Support to develop, recover, improve, or maintain the meaningful activities, daily living, or working of individuals.",,,,,
Peer Recovery Coaching,recdUD4ckS1oVaXa5,Support Network,reczPHnbc0WTe8J74,Service Category,Open Eligibility Human Services,Coaching and support by a certified Peer Recovery Coach who has progressed in her or her own recovery from addiction and is working to assist other people with those issues.,,,,,
Personal Loans,rec83k7TQsRdJi1Uo,,,Service Category,Open Eligibility Human Services,"Programs that provide personal financing to members of underserved communities that lack access to traditional financial services, such as home loans, car loans, and emergency loans.",,,,,
Personal Safety,recmTyQwA2xlK9CD8,Goods,recYkNaWD02ZhnpEv,Service Category,Open Eligibility Human Services,"Services that provide or maintain items that contribute to personal safety, such as bike helmets or items for self-defense.",,,,,
Pest Control,recN2SwhQY1GC6MSP,Maintenance & Repairs,rechdBo0CxxYWlvv2,Service Category,Open Eligibility Human Services,Services for preventing or removing pests from a home.,,Weatherization Plus Health Program,,,
Physical Safety,recDy1vhq7JShgaBn,Care,recFynVbJhP9DcOwP,Service Category,Open Eligibility Human Services,"Services for moving people away from potential physical harm, such as during a disaster or if someone is missing.",,"Adult Protective Services,Child Protective Services,Child Abuse Hotline",,,
Postnatal Care,recxsJXbaWBSYkQIA,Women's Health,recoXmcooepmDKEv9,Service Category,Open Eligibility Human Services,"The essential core care which every woman and her baby should receive, as appropriate to their needs, during the first 6-8 weeks after birth.",,"Sea Mar Maternity Support Services,Pregnancy and Childbirth Care at PeaceHealth,Nurse-Family Partnership,Answers Counseling Maternity Support Services",,,
Primary Care,rectgyxTmvkMVIBBC,Medical Care,recAt1RYmyx0kOuIt,Service Category,Open Eligibility Human Services,Services provided for primary medical care.,,"Sea Mar Bellingham Medical Clinic,Sea Mar Everson Medical Clinic,Sea Mar Healthcare for the Homeless Program,Sea Mar Migrant and Seasonal Farmworker Promotores Program,Unity Care NW Primary and Preventative Health Care,Unity Care NW Children's Medical Care,Nooksack Tribal Clinic,Lummi Tribal Health Center,PeaceHealth Pediatrics,PeaceHealth Family Medicine,PeaceHealth Primary Care",,,
Prosthesis,receFd3fI3amaCwbT,Medical Supplies,recuEeQjIgtwagauM,Service Category,Open Eligibility Human Services,"An artificial device that replaces a missing or injured part of the body such as wigs, dentures, implants and artificial limbs.",,,,,
Safety Education,recV8kzv0mC4HMn2S,Physical Safety,recDy1vhq7JShgaBn,Service Category,Open Eligibility Human Services,"Educational services related to the teaching of knowledge, skills, and understanding of risk management, prevention, and emergency resources (examples include swimming classes, defensive driving, and CPR training).",,,,,
Sexual & Reproductive Health,rec6UZxL4OrpRUPCp,Prevent & Treat,recKS0XVAOeMrFEMb,Service Category,Open Eligibility Human Services,"Services to promote healthy sex, sexuality, and reproductive health.",,Unity Care NW Primary and Preventative Health Care,,,
Skilled Nursing,recObhNdYbLtwdp71,Medical Care,recAt1RYmyx0kOuIt,Service Category,Open Eligibility Human Services,"Care given or supervised by registered nurses. Nurses provide direct care; manage, observe, and evaluate a patient?s care; and teach the patient and his or her family caregiver.",,,,,
Speech Therapy,reclYqaTPFdDqNrkG,Prevent & Treat,recKS0XVAOeMrFEMb,Service Category,Open Eligibility Human Services,Training to help people with speech and language problems to speak more clearly.,,,,,
STD/STI Treatment & Prevention,recDnzdl80u1YVcJk,Sexual & Reproductive Health,rec6UZxL4OrpRUPCp,Service Category,Open Eligibility Human Services,"Services to control the spread and symptoms of STD/STIs such as HIV testing, PEP/PreP, condoms, and screenings.",,Unity Care NW Primary and Preventative Health Care,,,
Substance Abuse Counseling,rec1AihvHCaiMoDtH,Counseling,recmcWSEr2iFwDaTL,Service Category,Open Eligibility Human Services,Services that provide professional counseling for individuals with substance abuse.,,"Sea Mar Bellingham Behavioral Health Clinic,PeaceHealth Behavioral Health",,,
Supplies for School,rec8OllsKHnHPj5Jo,Home Goods,recpXP4yQXZj1q6Sr,Service Category,Open Eligibility Human Services,Services provide supplies for school such as pencils and notebooks.,,"Family Funds Program,Bellingham Family Resource Centers,Our Little Wishes Instrument Loaner Program,Our One-Time Little Wishes Program,Blue Skies Back to School Backpack Distribution Program",,,
Support & Service Animals,recOCsZs7pjBFEiGF,Prevent & Treat,recKS0XVAOeMrFEMb,Service Category,Open Eligibility Human Services,"Programs that train animals to provide mental, emotional, medical, or disability support.",,,,,
Temporary Shelter,recIPHURqeqTc9JvX,Physical Safety,recDy1vhq7JShgaBn,Service Category,Open Eligibility Human Services,"Immediate overnight sleeping facility for individuals and families in crisis, typically operated on first-come, first-serve basis.",,"Family Promise,Ferndale Severe Weather Shelter",,,
Vision Care,rec6YPxTBpoumozMi,Health,reciYkvwqodZbQOxg,Service Category,Open Eligibility Human Services,Low cost or free vision care.,,,,,
Weather Relief,recrg6R6AFsYU3WkJ,Community Support Services,recwQuL3cKTIDX0Ib,Service Category,Open Eligibility Human Services,"Daytime facility for individuals to find relief from extreme heat or extreme cold on a first-come, first-served basis.",,,,,
Women's Health,recoXmcooepmDKEv9,Sexual & Reproductive Health,rec6UZxL4OrpRUPCp,Service Category,Open Eligibility Human Services,"Health services that address the special needs of women, including well woman exams, OB/GYN visits, breast and ovarian cancer screenings, and reproductive health.",,"Nooksack Tribal Clinic,Unity Care NW Primary and Preventative Health Care,Sea Mar Bellingham Medical Clinic,Pregnancy and Childbirth Care at PeaceHealth,PeaceHealth Women's Health",,,
General,recK1Nhn9G1oXhkIP,,,Service Eligibility,Open Eligibility Human Situations,,,,,,
Anyone in Need,reczuIDzH63d5XjEL,General,recK1Nhn9G1oXhkIP,Service Eligibility,Open Eligibility Human Situations,,,,,,
Age Group,recFfVY8YRossxhpd,,,Service Eligibility,Open Eligibility Human Situations,,,,,,
Adults,recuFy3DUTNeadwWi,Age Group,recFfVY8YRossxhpd,Service Eligibility,Open Eligibility Human Situations,,,"Self-Advocacy Program,Arne Hanna Aquatic Center,Free Shower Program",,,
Teens,rec3MOuAsiEAxOo3z,Age Group,recFfVY8YRossxhpd,Service Eligibility,Open Eligibility Human Situations,,,"GRADS,Unity Care NW Children's Medical Care,Foster Grads Program,Blue Skies Driver's Education Scholarship   ,""The Evan J. Sobjack Memorial Fund, Legends of Mt. Baker "",Swim to Live Program,Blue Skies Winter Warm-Up Distribution Program,Blue Skies Back to School Backpack Distribution Program,Blue Skies Shoe Distribution Program,Our Little Wishes Instrument Loaner Program,Our One-Time Little Wishes Program,Our Little Wishes Enrichment Program,Self-Advocacy Program,Arne Hanna Aquatic Center,Bellingham Playbook",,,
Children,recH2S9jjAnFPldly,Age Group,recFfVY8YRossxhpd,Service Eligibility,Open Eligibility Human Situations,,,"Blaine Family Service Center,Bellingham Family Resource Centers,Developmental Preschool (BPS),Child Find Preschool Screenings (BPS),Promise Kindergarten,McKinney-Vento Program (BPS),Ferndale Jump Start Kindergarten,Meridian Transitional Kindergarten,Mt. Baker Educational Resource Center,Nooksack Valley Early Childhood Program,Child Find Screenings (BSD),McKinney-Vento Program (BSD) ,Developmental Preschool (BSD),McKinney-Vento Program (FSD),Child Find Screenings (FSD),Developmental Preschool (FSD),McKinney-Vento Program (Lummi),McKinney-Vento Program (LSD),Developmental Preschool (MSD),McKinney-Vento Program (MBSD),Child Find Screenings (MBSD),McKinney-Vento Program (NVSD),Child Find Screenings (NVSD),GRADS,Early Head Start,Head Start,Child Care Aware of NW Washington,Single Entry Access to Services,Early Support for Infants and Toddlers (Opportunity Council),Emergency Child Care Voucher,Child Protective Services,Child Abuse Hotline,Sea Mar Bellingham Behavioral Health Child and Family Services,Sea Mar WIC and Nutrition Program,Unity Care NW Children's Medical Care,Unity Care NW Children's Dental Care,Nooksack WIC Program,Lummi Tribal WIC Program,Family Promise,Blaine and Birch Bay Community Toy Store,Parents as Teachers ,CenteringPregnancy,Family Funds Program,Making SMILIES Learning Pathways for Children of Adult Learners,Community Garden (A Watered Garden),Parent Child Interaction Therapy,PeaceHealth Pediatrics,Our Little Wishes Enrichment Program,Our One-Time Little Wishes Program,Our Little Wishes Instrument Loaner Program,Blue Skies Shoe Distribution Program,Blue Skies Back to School Backpack Distribution Program,Blue Skies Winter Warm-Up Distribution Program,Swim to Live Program,""The Evan J. Sobjack Memorial Fund, Legends of Mt. Baker "",Early Support for Infants and Toddlers (WCEL),Sensational Toddlers,WCEL Friends Playgroup,WCEL Drop-in Playgroups,Arne Hanna Aquatic Center,Bellingham Playbook,Free Museum Passes through BPL ,WCLS Learning Resources",,,
Seniors,recJnEdhIA6wUbdzg,Age Group,recFfVY8YRossxhpd,Service Eligibility,Open Eligibility Human Situations,,,"Aging and Long-Term Support Administration,Adult Protective Services,Arne Hanna Aquatic Center,Free Shower Program,Outreach Services at BPL ",,,
Armed Forces,recNEORrIacVlNquq,,,Service Eligibility,Open Eligibility Human Situations,,,Whatcom County Veterans Program,,,
Active Duty,recoI3ykBdfAFEw1U,Armed Forces,recNEORrIacVlNquq,Service Eligibility,Open Eligibility Human Situations,,,Whatcom County Veterans Program,,,
National Guard,rec9ajIPZwYlhXKU1,Armed Forces,recNEORrIacVlNquq,Service Eligibility,Open Eligibility Human Situations,,,Whatcom County Veterans Program,,,
Veterans,rec15zX42PsepACwI,Armed Forces,recNEORrIacVlNquq,Service Eligibility,Open Eligibility Human Situations,,,"Supportive Services for Veteran Families,Whatcom County Veterans Program",,,
Citizenship,recCWrkR6OTH6jyJB,,,Service Eligibility,Open Eligibility Human Situations,,,"Office of Refugee and Immigrant Assistance,U.S. Citizenship Class (A Watered Garden)",,,
Immigrants,recbiCoPYceNUp021,Citizenship,recCWrkR6OTH6jyJB,Service Eligibility,Open Eligibility Human Situations,,,"Office of Refugee and Immigrant Assistance,Sea Mar Migrant and Seasonal Farmworker Promotores Program,ESL/ELL Classes (A Watered Garden),U.S. Citizenship Class (A Watered Garden),Familia Latina",,,
Refugees,recsYn0kyO8PB5aI3,Citizenship,recCWrkR6OTH6jyJB,Service Eligibility,Open Eligibility Human Situations,,,"Refugee Cash Assistance,Office of Refugee and Immigrant Assistance",,,
Undocumented,recr7K6vtcMjUaPyI,Citizenship,recCWrkR6OTH6jyJB,Service Eligibility,Open Eligibility Human Situations,,,Office of Refugee and Immigrant Assistance,,,
Criminal History,recspANOrnvDsFOlk,,,Service Eligibility,Open Eligibility Human Situations,,,,,,
Ex-Offenders,recCZOhlOeQZ5gtMK,Criminal History,recspANOrnvDsFOlk,Service Eligibility,Open Eligibility Human Situations,,,,,,
Disability,recLKLYZv41O8jPT4,,,Service Eligibility,Open Eligibility Human Situations,,,"Developmental Preschool (BPS),Child Find Preschool Screenings (BPS),Child Find Screenings (BSD),Developmental Preschool (BSD),Child Find Screenings (FSD),Developmental Preschool (FSD),Child Find Screenings (LSD),Developmental Preschool (MSD),Child Find Screenings (MBSD),Child Find Screenings (NVSD),Single Entry Access to Services,Early Support for Infants and Toddlers (Opportunity Council),""Aged, Blind, or Disabled Program"",Division of Vocational Rehabilitation,Aging and Long-Term Support Administration,Developmental Disabilities Administration,Adult Protective Services,Parent Coalition,Parent to Parent Support Programs,Self-Advocacy Program,Down Syndrome Outreach Program,Medicaid Personal Care Parent Training,The Arc Legislative Advocacy,Early Support for Infants and Toddlers (WCEL),Outreach Services at BPL ",,,
Learning Disability,recnvZKSnY59H6gFG,Disability,recLKLYZv41O8jPT4,Service Eligibility,Open Eligibility Human Situations,,,"Developmental Preschool (BPS),Child Find Preschool Screenings (BPS),Child Find Screenings (BSD),Developmental Preschool (BSD),Child Find Screenings (FSD),Developmental Preschool (FSD),Child Find Screenings (LSD),Developmental Preschool (MSD),Child Find Screenings (MBSD),Child Find Screenings (NVSD)",,,
Developmental Disability,recyhyWOEEXd1S4PP,Disability,recLKLYZv41O8jPT4,Service Eligibility,Open Eligibility Human Situations,,,"Developmental Preschool (BPS),Child Find Preschool Screenings (BPS),Child Find Screenings (BSD),Developmental Preschool (BSD),Child Find Screenings (FSD),Developmental Preschool (FSD),Child Find Screenings (LSD),Developmental Preschool (MSD),Child Find Screenings (MBSD),Child Find Screenings (NVSD),Single Entry Access to Services,Early Support for Infants and Toddlers (Opportunity Council),Developmental Disabilities Administration,PeaceHealth Behavioral Health,Parent to Parent Support Programs,Self-Advocacy Program,Down Syndrome Outreach Program,The Arc Legislative Advocacy,Early Support for Infants and Toddlers (WCEL)",,,
Physical Disability,recM2c5ieTCUraO2o,Disability,recLKLYZv41O8jPT4,Service Eligibility,Open Eligibility Human Situations,,,,,,
Mentally Incapacitated,recnOfuzzxAfEnM8I,Disability,recLKLYZv41O8jPT4,Service Eligibility,Open Eligibility Human Situations,,,,,,
Limited Mobility,recYSZfYZQEudsdBj,Disability,recLKLYZv41O8jPT4,Service Eligibility,Open Eligibility Human Situations,,,,,,
Hearing Impairment,rec36AAwpwPJoGaYa,Disability,recLKLYZv41O8jPT4,Service Eligibility,Open Eligibility Human Situations,,,,,,
Visual Impairment,recNRqKLacMZbaSbR,Disability,recLKLYZv41O8jPT4,Service Eligibility,Open Eligibility Human Situations,,,,,,
Mental Illness,recWOKxk8g5C1Bu8f,Disability,recLKLYZv41O8jPT4,Service Eligibility,Open Eligibility Human Situations,,,,,,
Education,recwx29TYYpEh7QXp,,,Service Eligibility,Open Eligibility Human Situations,,,Teacher Resources at BPL,,,
Dropouts,recXplBMB9QACGgZJ,Education,recOGCSUVHnuizJWp,Service Eligibility,Open Eligibility Human Situations,,,,,,
Students,recRkWhxivlC8cQqc,Education,recOGCSUVHnuizJWp,Service Eligibility,Open Eligibility Human Situations,,,"GRADS,WCLS Learning Resources",,,
Emotional State,recnDIKTW87g0Pxfd,,,Service Eligibility,Open Eligibility Human Situations,,,,,,
Grieving,rectV7n6AywrAq6wL,Emotional State,recnDIKTW87g0Pxfd,Service Eligibility,Open Eligibility Human Situations,,,,,,
Employment,recTUeifU3gicG2BD,,,Service Eligibility,Open Eligibility Human Situations,,,Whatcom County Veterans Program,,,
Employed,recRKZ2obe0ToqIzq,Employment,recTUeifU3gicG2BD,Service Eligibility,Open Eligibility Human Situations,,,,,,
Retirement,recPzTlEE1bY0mcqg,Employment,recTUeifU3gicG2BD,Service Eligibility,Open Eligibility Human Situations,,,,,,
Unemployed,reckvpeYNgj8cMH3V,Employment,recTUeifU3gicG2BD,Service Eligibility,Open Eligibility Human Situations,,,,,,
Gender,rec37s0DESPWLHWzf,,,Service Eligibility,Open Eligibility Human Situations,,,,,,
Women,recuSuhL2AOVAjlgS,Gender,rec37s0DESPWLHWzf,Service Eligibility,Open Eligibility Human Situations,,,PeaceHealth Women's Health,,,
Men,recN9azLBlbDc5VYU,Gender,rec37s0DESPWLHWzf,Service Eligibility,Open Eligibility Human Situations,,,,,,
Transgender,recqJelKzJAakhBeG,Gender,rec37s0DESPWLHWzf,Service Eligibility,Open Eligibility Human Situations,,,,,,
Guardianship,recsBi3BSRulWAewJ,,,Service Eligibility,Open Eligibility Human Situations,,,Kinship Care,,,
Foster Youth,reclH7DhBYv6jTEiY,Guardianship,recztObrlCZ0KxoOp,Service Eligibility,Open Eligibility Human Situations,,,Foster Grads Program,,,
Health,rec3BGx6G5KtrQ312,,,Service Eligibility,Open Eligibility Human Situations,,,,,,
Hospitalized,recMqN5DZ6AARTWzn,Health,reciYkvwqodZbQOxg,Service Eligibility,Open Eligibility Human Situations,,,,,,
Pregnant,receH7Eb28JwIIF3S,Health,reciYkvwqodZbQOxg,Service Eligibility,Open Eligibility Human Situations,,,"GRADS,Pregnant Woman Assistance Program,Sea Mar Maternity Support Services,Sea Mar WIC and Nutrition Program,Nooksack WIC Program,Lummi Tribal WIC Program,CenteringPregnancy,Parent Child Assistance Program,Pregnancy and Childbirth Care at PeaceHealth,Nurse-Family Partnership,Infant Case Management,Answers Counseling Maternity Support Services",,,
Cancer,recxtDmrNeaCFp2Co,Health,reciYkvwqodZbQOxg,Service Eligibility,Open Eligibility Human Situations,,,,,,
Alzheimers,recGbvhFNYEoQSJU2,Health,reciYkvwqodZbQOxg,Service Eligibility,Open Eligibility Human Situations,,,,,,
Seizure Disorder,recKOVzemL7DJxxcE,Health,reciYkvwqodZbQOxg,Service Eligibility,Open Eligibility Human Situations,,,,,,
Terminal Illness,recGAWIlkYgX2xOW1,Health,reciYkvwqodZbQOxg,Service Eligibility,Open Eligibility Human Situations,,,,,,
Infectious Disease,recid82qxhBlVq0iH,Health,reciYkvwqodZbQOxg,Service Eligibility,Open Eligibility Human Situations,,,,,,
Neuromuscular Disease,rec9iqt80NadmK2uR,Health,reciYkvwqodZbQOxg,Service Eligibility,Open Eligibility Human Situations,,,,,,
Substance Dependency,recU6IywQcWaehPgJ,Health,reciYkvwqodZbQOxg,Service Eligibility,Open Eligibility Human Situations,,,"Nooksack Genesis II Chemical Dependency Program,Sea Mar Bellingham Behavioral Health Clinic,Parent Child Assistance Program,PeaceHealth Behavioral Health,Syringe Services Program",,,
Mental Illness,recIaz6o5PzeYsten,Health,reciYkvwqodZbQOxg,Service Eligibility,Open Eligibility Human Situations,,,PeaceHealth Behavioral Health,,,
Household,rec3eWxw8cAJXen6F,,,Service Eligibility,Open Eligibility Human Situations,,,,,,
Individuals,recdkA8C2Q0ouV8j4,Household,rec3eWxw8cAJXen6F,Service Eligibility,Open Eligibility Human Situations,,,,,,
Families,recOs8jW9d2WJDhsu,Household,rec3eWxw8cAJXen6F,Service Eligibility,Open Eligibility Human Situations,,,"Blaine Family Service Center,Bellingham Family Resource Centers,McKinney-Vento Program (BPS),McKinney-Vento Program (BSD) ,McKinney-Vento Program (FSD),McKinney-Vento Program (Lummi),McKinney-Vento Program (LSD),McKinney-Vento Program (MBSD),McKinney-Vento Program (NVSD),GRADS,Early Head Start,Head Start,Early Support for Infants and Toddlers (Opportunity Council),Emergency Child Care Voucher,Kinship Care,Temporary Assistance for Needy Families,Division of Child Support,Child Protective Services,Sea Mar Bellingham Behavioral Health Child and Family Services,Sea Mar WIC and Nutrition Program,Unity Care NW Children's Dental Care,Nooksack WIC Program,Lummi Tribal WIC Program,Family Promise,Lydia Place Family Housing,Blaine and Birch Bay Community Toy Store,Family Funds Program,Parent Child Assistance Program,Parents as Teachers ,Familia Latina,Parent Child Interaction Therapy,Parenting Education (Brigid Collins),PeaceHealth Family Medicine,Parent Coalition,Down Syndrome Outreach Program,Medicaid Personal Care Parent Training,The Arc Legislative Advocacy,Early Support for Infants and Toddlers (WCEL),Sensational Toddlers,WCEL Friends Playgroup,WCEL Drop-in Playgroups,Nurse-Family Partnership,Infant Case Management,Answers Counseling Parenting Programs,Prevention Coalitions,Arne Hanna Aquatic Center,Free Shower Program,Bellingham Playbook,Free Museum Passes through BPL ,WCLS Learning Resources",,,
Housing,recQMhrOWRkIjdQMH,,,Service Eligibility,Open Eligibility Human Situations,,,,,,
Home Owners,recEHD8HrY0RkA18P,Housing,recCKTPd4gJzUTY28,Service Eligibility,Open Eligibility Human Situations,,,"Weatherization Program,Weatherization Plus Health Program,Home Repair Loan",,,
Home Renters,recCYaVT8Ev1CcuKZ,Housing,recCKTPd4gJzUTY28,Service Eligibility,Open Eligibility Human Situations,,,"Rental Assistance (Opportunity Council),Financial Literacy and Renters Education,Weatherization Plus Health Program",,,
Homeless,rec7wvcVfmMf7RwS7,Housing,recCKTPd4gJzUTY28,Service Eligibility,Open Eligibility Human Situations,,,"McKinney-Vento Program (BPS),McKinney-Vento Program (BSD) ,McKinney-Vento Program (FSD),McKinney-Vento Program (Lummi),McKinney-Vento Program (LSD),McKinney-Vento Program (MBSD),McKinney-Vento Program (NVSD),Opportunity Council Community Resource Center,Opportunity Council Homeless Housing Programs,Whatcom Homeless Service Center,Homeless Outreach Team,Supportive Services for Veteran Families,Sea Mar Healthcare for the Homeless Program,Family Promise,Ferndale Severe Weather Shelter,CenteringPregnancy,Lydia Place Family Housing,Lydia Place Housing for Households Without Children,Free Shower Program",,,
Near Homeless,rec2cxjnl0Pw6JmTi,Housing,recCKTPd4gJzUTY28,Service Eligibility,Open Eligibility Human Situations,,,"McKinney-Vento Program (BPS),McKinney-Vento Program (BSD) ,McKinney-Vento Program (FSD),McKinney-Vento Program (Lummi),McKinney-Vento Program (LSD),McKinney-Vento Program (MBSD),McKinney-Vento Program (NVSD),Opportunity Council Community Resource Center,Supportive Services for Veteran Families,CenteringPregnancy",,,
Runaways,recvWjCnxlN2tlBWz,Housing,recCKTPd4gJzUTY28,Service Eligibility,Open Eligibility Human Situations,,,,,,
Income,rech6jkDq3ypIplLM,,,Service Eligibility,Open Eligibility Human Situations,,,,,,
Benefit Recipients,rec6GS9p5eyB6USKb,Income,rech6jkDq3ypIplLM,Service Eligibility,Open Eligibility Human Situations,,,,,,
Low-Income,reczQHqf94q30DvfR,Income,rech6jkDq3ypIplLM,Service Eligibility,Open Eligibility Human Situations,,,,,,
Insurance,recRYPM3RYMQ4NZOx,,,Service Eligibility,Open Eligibility Human Situations,,,,,,
Uninsured,recRbg7hO5jZPwQQO,Insurance,rec9PmsxCOdPOUvhk,Service Eligibility,Open Eligibility Human Situations,,,,,,
Language,recir4C0jwovrV2mv,,,Service Eligibility,Open Eligibility Human Situations,,,"ESL/ELL Classes (A Watered Garden),Conversational Spanish Classes (A Watered Garden),Familia Latina",,,
Limited English,reclRlDp8jT4q8xeT,Language,recir4C0jwovrV2mv,Service Eligibility,Open Eligibility Human Situations,,,ESL/ELL Classes (A Watered Garden),,,
Race/Ethnicity,rec9IcNEXppOXWP6f,,,Service Eligibility,Open Eligibility Human Situations,,,,,,
African American,reclKBvwXOU6OlDu3,Race/Ethnicity,rec9IcNEXppOXWP6f,Service Eligibility,Open Eligibility Human Situations,,,,,,
Asian,recubTuEvZRlb7c9F,Race/Ethnicity,rec9IcNEXppOXWP6f,Service Eligibility,Open Eligibility Human Situations,,,,,,
Latino,recQgLgfONU6f5iJb,Race/Ethnicity,rec9IcNEXppOXWP6f,Service Eligibility,Open Eligibility Human Situations,,,,,,
Role,rec9vHhRKx4447xJI,,,Service Eligibility,Open Eligibility Human Situations,,,,,,
Caregivers,recab31YbKgpoKdCp,Role,rec9vHhRKx4447xJI,Service Eligibility,Open Eligibility Human Situations,,,Medicaid Personal Care Parent Training,,,
Fathers,rec4mMXXhWAVBvtn5,Role,rec9vHhRKx4447xJI,Service Eligibility,Open Eligibility Human Situations,,,,,,
Mothers,recNnik9CH6wd1RHx,Role,rec9vHhRKx4447xJI,Service Eligibility,Open Eligibility Human Situations,,,"Sea Mar Maternity Support Services,Sea Mar WIC and Nutrition Program,Nooksack WIC Program,Lummi Tribal WIC Program,Parent Child Assistance Program,Nurse-Family Partnership,Answers Counseling Maternity Support Services",,,
Parents,rec4cE8qW6kVNk0bV,Role,rec9vHhRKx4447xJI,Service Eligibility,Open Eligibility Human Situations,,,"Early Head Start,Temporary Assistance for Needy Families,Division of Child Support,Parents as Teachers ,Familia Latina,Parenting Education (Brigid Collins),Parent Coalition,Parent to Parent Support Programs,Medicaid Personal Care Parent Training,Sensational Toddlers,WCEL Friends Playgroup,Infant Case Management,Answers Counseling Parenting Programs,Prevention Coalitions,WCLS Learning Resources",,,
Sexuality,rec4vlpCrUcvctHAO,,,Service Eligibility,Open Eligibility Human Situations,,,,,,
LGBTQ,rec1sSlX7Aan5EdZj,Sexuality,rec4vlpCrUcvctHAO,Service Eligibility,Open Eligibility Human Situations,,,,,,
Survivors,rec4vdTNbKeIeSBL1,,,Service Eligibility,Open Eligibility Human Situations,,,,,,
All Survivors,recEAm5pI27sMCtWe,Survivors,rec4vdTNbKeIeSBL1,Service Eligibility,Open Eligibility Human Situations,,,,,,
Abuse or Neglect Survivors,recoZJbTkTlwFHDpL,Survivors,rec4vdTNbKeIeSBL1,Service Eligibility,Open Eligibility Human Situations,,,,,,
Burn Survivors,rec68z4qkGYJaUnty,Survivors,rec4vdTNbKeIeSBL1,Service Eligibility,Open Eligibility Human Situations,,,,,,
Domestic Violence Survivors,rec0Ce3Y1ZD6lwr77,Survivors,rec4vdTNbKeIeSBL1,Service Eligibility,Open Eligibility Human Situations,,,"DVSAS Partnership,Ask an Advocate at DVSAS,Legal Assistance at DVSAS,DVSAS 24-Hour Helpline,DVSAS Advocacy Counseling,DVSAS Support Groups,DVSAS Safe Housing Program",,,
Human Trafficking Survivors,recO1muVN8SGaguLJ,Survivors,rec4vdTNbKeIeSBL1,Service Eligibility,Open Eligibility Human Situations,,,Refugee Cash Assistance,,,
Natural Disaster Survivors,recXrZ4tdVeLJurPb,Survivors,rec4vdTNbKeIeSBL1,Service Eligibility,Open Eligibility Human Situations,,,,,,
Sexual Assault Survivors,rectjyfwMv7H73cDe,Survivors,rec4vdTNbKeIeSBL1,Service Eligibility,Open Eligibility Human Situations,,,"Ask an Advocate at DVSAS,Legal Assistance at DVSAS,DVSAS 24-Hour Helpline,DVSAS Advocacy Counseling,DVSAS Support Groups,DVSAS Safe Housing Program",,,
Urgency,recWd8oasr2mSVT0f,,,Service Eligibility,Open Eligibility Human Situations,,,,,,
In Crisis,rectpgGWV6bm6Hz8V,Urgency,recWd8oasr2mSVT0f,Service Eligibility,Open Eligibility Human Situations,,,"Foster Parent and Caregiver Support line,CAP Crisis Assistance,Familia Latina,DVSAS 24-Hour Helpline,DVSAS Advocacy Counseling,DVSAS Safe Housing Program",,,
In Danger,recKCXI8lKPVbnD8j,Urgency,recWd8oasr2mSVT0f,Service Eligibility,Open Eligibility Human Situations,,,,,,
Chronic Illness,rec01SQMIHeYH9soh,Health,reciYkvwqodZbQOxg,Service Eligibility,Open Eligibility Human Situations,,,Unity Care NW Primary and Preventative Health Care,,,
Spouses,rec85CcfqgmBuEfyp,Role,rec9vHhRKx4447xJI,Service Eligibility,Open Eligibility Human Situations,,,,,,
Dependents,recalU9qtNApCs7AM,Role,rec9vHhRKx4447xJI,Service Eligibility,Open Eligibility Human Situations,,,,,,
Intellectual Disability,recPRTWqrdqMymXCt,Disability,recLKLYZv41O8jPT4,Service Eligibility,Open Eligibility Human Situations,,,,,,
Holiday Assistance,recqAuN7tbHsKruJw,Goods,recYkNaWD02ZhnpEv,Service Category,Open Eligibility Human Services,"Services specific to a holiday, such as meal baskets, toys and gifts, and community meals. ",,"Blaine and Birch Bay Community Toy Store,CAP Thanksgiving Baskets,Ferndale Holiday Giving Store",,,