name,alternate_name,x-status,x-verification,Service Area,phones,url,description,services,email,locations,contacts,x-website rating,x-logo,legal_status,x-status_last_modified
A Watered Garden Family Learning Center,,Vetted,,Whatcom County,(360) 393-9352,https://awateredgardenflc.weebly.com,"A non-profit faith based organization dedicated to offering educational and personal growth opportunities. Individuals and families build capacity to move from poverty to prosperity in their home and community through communication, cooperation, and collaboration.","ESL/ELL Classes (A Watered Garden),Conversational Spanish Classes (A Watered Garden),GED Class (A Watered Garden),U.S. Citizenship Class (A Watered Garden),Making SMILIES Learning Pathways for Children of Adult Learners,Basic Computer Skills (A Watered Garden),Community Garden (A Watered Garden),Nutrition Class (A Watered Garden)",awateredgardenflc@comcast.net,Everson Seventh Day Adventist Community Services Center,,,,,5/25/2022 7:53am
Answers Counseling,,Vetted,Answers Counseling,Whatcom County,(360) 255-7855,http://www.AnswersCounseling.org/,"Counseling, consulting, and case management services.","Answers Counseling Services,Infant Case Management,Answers Counseling Maternity Support Services,Answers Counseling Parenting Programs",,Bellingham Community Services Office (DSHS),,4,,,5/25/2022 7:31am
Bellingham Community Meal,,Vetted,Bellingham Community Meal,Whatcom County,(360) 647-5114,https://bellinghamcommunitymeal.square.site,"Provides a hearty meal for the community the last Saturday of the month, January through October.",Bellingham Community Meal ,,Assumption Catholic Church,,4,,,3/31/2022 3:27pm
Bellingham Food Bank,,Vetted,Bellingham Food Bank,Whatcom County,(360) 676-0392,http://www.bellinghamfoodbank.org/,Provides free groceries to anyone in Bellingham. Up to two visits per week allowed per household. Pick up for up to two households per visit.,Bellingham Food Bank,"info@bellinghamfoodbank.org
","Bellingham Food Bank,Christ the King Community Church Bellingham",,,,,3/16/2022 2:55pm
Bellingham Parks and Recreation,,Vetted,Bellingham Parks and Recreation,Whatcom County,(360) 778-7000,http://www.cob.org/parks,Supports a healthy community by providing high quality parks and recreation services.,"Arne Hanna Aquatic Center,Free Shower Program,Bellingham Playbook,City of Bellingham Community Garden Program",parks@cob.org,Bellingham Parks and Recreation,,5,,,6/13/2022 1:30pm
Bellingham Public Library,,Vetted,Bellingham Public Library,Whatcom County,(360) 778-7323,http://www.bellinghampubliclibrary.org/,"Serves the residents of Bellingham and Whatcom County with branches in Central Bellingham, Fairhaven, and Barkley.","Tech Help at BPL,Computers and Technology Access at BPL,WiFi Hotspot Lending at BPL,Meeting Rooms at BPL ,Free Museum Passes through BPL ,Outreach Services at BPL ,Nonprofit Resources at BPL,Teacher Resources at BPL,Learning Resources at BPL,Research Tools at BPL,BPL Calendar",,"Bellingham Public Library Central Branch,Bellingham Public Library Fairhaven Branch,Bellingham Public Library Barkley Branch",,5,,,6/28/2022 9:49am
Bellingham Public Schools,,Vetted,,Whatcom County,,https://bellinghamschools.org,"Public school district for Bellingham, WA.","Bellingham Family Resource Centers,McKinney-Vento Program (BPS),Promise Kindergarten,Child Find Preschool Screenings (BPS),Developmental Preschool (BPS),GRADS",,,,,,,3/23/2022 9:36am
Blaine Community Assistance Program,Blaine CAP,Vetted,Blaine CAP,Whatcom County,(360) 392-8484,https://blainecap.org/,"Serves the people of the Blaine, Birch Bay, Custer, and Point Roberts communities who are in need of assistance to meet their basic requirements for food, clothing, and other necessities of daily life.","CAP Crisis Assistance,Blaine Clothing Bank,Blaine and Birch Bay Community Toy Store,CAP Winter Coat Drive,The Food Connection,CAP Thanksgiving Baskets",info@blainecap.org,The CAP Center,,5,,,4/11/2022 2:53pm
Blaine Food Bank,,Vetted,,Whatcom County,(360) 332-6350,www.blainefoodbank.org,"Provides food to Blaine, Custer, Birch Bay, and Semiahmoo residents. Households can visit up to twice per week.",Blaine Food Bank,,Blaine Food Bank,,,,,3/23/2022 10:44am
Blaine School District,,Vetted,,Whatcom County,,https://www.blainesd.org,"Public school district for Blaine, Birch Bay, and Point Roberts, WA.","Blaine Family Service Center,McKinney-Vento Program (BSD) ,Developmental Preschool (BSD)",,,,,,,3/23/2022 9:50am
Blue Skies for Children,,Vetted,Blue Skies,Whatcom County,(360) 756-6710,http://www.blueskiesforchildren.org/,"Sponsors enrichment programs and other essentials for homeless, low-income and foster children in Whatcom and Skagit Counties.","Our Little Wishes Enrichment Program,Our One-Time Little Wishes Program,Our Little Wishes Instrument Loaner Program,Blue Skies Shoe Distribution Program,Blue Skies Back to School Backpack Distribution Program,Blue Skies Winter Warm-Up Distribution Program,Foster Grads Program,Blue Skies Driver's Education Scholarship   ,Swim to Live Program,""The Evan J. Sobjack Memorial Fund, Legends of Mt. Baker """,,Blue Skies for Children,,5,,,5/19/2022 11:06am
Brigid Collins Family Support Center,,Vetted,Brigid Collins,Whatcom County,(360) 734-4616,http://www.brigidcollins.org/," A commitment-based organization  dedicated to protecting children, building strong families, and ending child abuse. ","Parent Child Assistance Program,Familia Latina,Parent Child Interaction Therapy,Parenting Education (Brigid Collins),Stewards of Children",,Brigid Collins Family Support Center,,5,,,5/9/2022 3:28pm
Domestic Violence and Sexual Assault Services (DVSAS),DVSAS,Vetted,,Whatcom County,(360) 715-1563,http://www.dvsas.org/,"Supports individuals affected by domestic violence, sexual assault, and sexual exploitation, and provides community education. All services are free and confidential.","Ask an Advocate at DVSAS,Legal Assistance at DVSAS,DVSAS 24-Hour Helpline,DVSAS Advocacy Counseling,DVSAS Support Groups,DVSAS Safe Housing Program,DVSAS Professional Trainings",,DVSAS,,5,,,8/24/2022 8:42am
Ferndale Community Services,,Vetted,Ferndale Community Services,Whatcom County,(360) 380-2200,http://www.ferndalecsc.org ,A nonprofit organization whose mission is to understand and alleviate unmet needs by providing resources and connection. ,"Family Funds Program,Ferndale Community Utilities Fund,Ferndale Severe Weather Shelter,Ferndale Holiday Giving Store,Ferndale Other Bank,Ferndale Resource Center",info@ferndalecs.org,Ferndale Resource Center,,5,,,4/11/2022 3:41pm
Ferndale Food Bank ,,Vetted,,Whatcom County,(360) 223-0788,http://ferndalefoodbank.org,"Provides food to residents of the Ferndale/Custer area. Please bring a piece of identification (simply your photo with your name) and a Ferndale or Custer area utility bill containing your address with a zip code 98248, 98226, 98230, 98231, or 98240.",Ferndale Food Bank,director@ferndalefoodbank.org,Ferndale Food Bank,,,,,3/23/2022 10:47am
Ferndale School District,,Vetted,,Whatcom County,,https://www.ferndalesd.org,"Public school district for Ferndale, WA.","Ferndale Student Services,Ferndale Jump Start Kindergarten,McKinney-Vento Program (FSD),Child Find Screenings (FSD),Developmental Preschool (FSD)",,,,,,,3/23/2022 10:05am
Food Lifeline Mobile Pantry ,,Vetted,,Whatcom County,(360) 599-3944,,"Located at the East Whatcom Regional Resource Center every 1st Saturday of the Month, and 3rd Friday of the Month.  ",Food Lifeline Mobile Pantry,,East Whatcom Regional Resource Center,,1,,,3/31/2022 2:50pm
Foothills Food Bank ,,Vetted,,Whatcom County,(360) 392-8149,http://www.foothillsfoodbank.org,"Provides fresh and frozen produce, dairy products, meat, proteins, canned and dry goods, and bread. Please bring your own bags or boxes. ",Foothills Food Bank,,"Foothills Food Bank,Harmony Elementary School",,,,,3/23/2022 10:48am
Hope House,,Vetted,,Whatcom County,(360) 671-8702,https://www.assumption.org/hope-house.html,"Basic Needs provided free of charge to those in need in our community. Resources include clothing, household goods, toiletries, cleaning supplies, diapers, emergency food, and more. 
",Hope House,,Hope House,,,,,3/23/2022 10:50am
Interfaith Coalition,,Vetted,Interfaith Coalition,Whatcom County,(360) 734-3983,https://www.interfaith-coalition.org/,Serves people experiencing homelessness in Whatcom County.,"Family Promise,CAST,Interfaith Coalition Winter Warmth Drive",,Interfaith Coalition,,5,,,3/31/2022 3:21pm
Loaves and Fishes Community Meal,,Vetted,Loaves and Fishes,Whatcom County,(360) 734-4500,http://firstbaptistbellingham.com/connect/tuesday-meal,Free hot meal served weekly. ,Loaves and Fishes Community Meal,,First Baptist Church,,,,,3/31/2022 2:59pm
Lummi Food Bank  ,,Vetted,,Whatcom County,,,Commodity food program for income eligible Native Americans and non-tribal people who live on the reservation.,Lummi Food Bank,,Lummi Food Bank,,,,,3/23/2022 10:53am
Lummi Nation School,,Vetted,,Whatcom County,,https://www.lns-onlinelearning.org,A Tribally-Controlled School that serves grades K-12.,McKinney-Vento Program (Lummi),,,,,,,3/23/2022 10:07am
Lummi Tribal Health Center,,Vetted,Lummi Tribal Health Center,Whatcom County,(360) 384-0464,https://www.lummi-nsn.gov/Website.php?PageID=433,"Provides comprehensive health care including outpatient medical, dental, physical therapy, mental health, preventive healthcare and public health services for Lummi Tribal Members and other American Indian/Alaska Natives.","Lummi Tribal Health Center,Lummi Tribal Dental Clinic,Lummi Tribal WIC Program",,Lummi Tribal Health Center,,4,,,3/31/2022 3:32pm
Lynden School District,,Vetted,,Whatcom County,,https://lynden.wednet.edu,"Public school district for Lynden, WA.","Lynden Family Community Services,McKinney-Vento Program (LSD),Child Find Screenings (LSD)",,,,,,,3/23/2022 10:14am
Meridian School District,,Vetted,,Whatcom County,,https://www.meridian.wednet.edu,Public school district for the Meridian region of Whatcom County.,"Meridian Readiness to Learn,Meridian Transitional Kindergarten,Developmental Preschool (MSD)",,,,,,,3/23/2022 10:20am
Mount Baker School District,,Vetted,,Whatcom County,,https://www.mtbaker.wednet.edu,Public school district for Eastern Whatcom County.,"Mt. Baker Family Services,Mt. Baker Educational Resource Center,McKinney-Vento Program (MBSD),Child Find Screenings (MBSD)",,,,,,,3/23/2022 10:30am
Nooksack Food Bank ,,Vetted,,Whatcom County,(360) 592-0135,,Provides food to anyone in need on the first Friday of each month. Located behind the Social Services building.,Nooksack Food Bank,,Nooksack Food Bank,,,,,3/23/2022 10:58am
Nooksack Indian Health Department,Nooksack Tribal Health Center,Vetted,Nooksack Indian Health Department,Whatcom County,(360) 966-2106,https://nooksacktribe.org/departments/health/,"An innovative ambulatory health care center that serves members of the Nooksack Indian Tribe and the Tribal Member community. Also provides community health prevention and education services to ensure patients receive health care to the fullest extent including, Medical, Dental, Community Health/Health Nursing, Mental Health Counseling, Chemical Dependency Counseling, Chemical Dependency Prevention and Contract Health Services.","Nooksack Tribal Clinic,Nooksack Tribal Dental Clinic,Nooksack Behavioral Health,Nooksack Genesis II Chemical Dependency Program,Nooksack WIC Program",,"Nooksack Indian Health Department,Nooksack Behavioral Health",,5,,,3/31/2022 3:32pm
Nooksack Valley Food Bank ,,Vetted,,Whatcom County,,https://www.facebook.com/NooksackValleyFoodBank/,"Provides produce, canned goods, breads, meat, and dairy items. No ID or proof of address required. Income guidelines are currently 400% of Federal Poverty Level.",Nooksack Valley Food Bank,,"Nooksack Valley Food Bank Everson,Nooksack Valley Food Bank Sumas",,,,,3/23/2022 10:46am
Nooksack Valley School District,,Vetted,,Whatcom County,,https://www.nv.k12.wa.us,"Public school district for Everson, Nooksack, and Sumas, WA.","Nooksack Valley Early Childhood Program,McKinney-Vento Program (NVSD),Child Find Screenings (NVSD)",,,,,,,3/23/2022 10:35am
Opportunity Council,,Vetted,Opportunity Council,Whatcom County,(360) 734-5121,https://www.oppco.org,"A private, non-profit Community Action Agency serving homeless and low-income families and individuals. ","Early Head Start,Head Start,Child Care Aware of NW Washington,Single Entry Access to Services,Early Support for Infants and Toddlers (Opportunity Council),Child Care Nutrition Program,Emergency Child Care Voucher,Kinship Care,Opportunity Council Community Resource Center,East Whatcom Regional Resource Center,Basic Food Outreach,Opportunity Council Homeless Housing Programs,Whatcom Homeless Service Center,Homeless Outreach Team,Rental Assistance (Opportunity Council),Basic Food Employment and Training Program (Opportunity Council),Foundational Community Support Employment Program ,Financial Literacy and Renters Education,On the Money,Energy Assistance (Opportunity Council),Weatherization Program,Weatherization Plus Health Program,Home Repair Loan,City of Bellingham Mobile Home Repair,Conservation Education,Supportive Services for Veteran Families,Whatcom Volunteer Center,Needs Based Ferry Passes,WTA Bus Passes (Opportunity Council),Maple Alley Inn",,Opportunity Council Community Resource Center,,5,,,3/30/2022 11:40am
PeaceHealth,,Vetted,PeaceHealth,Whatcom County,,https://www.peacehealth.org,"A not-for-profit healthcare system with medical centers, critical access hospitals and medical clinics located in Washington, Oregon and Alaska.","PeaceHealth Pediatrics,PeaceHealth Family Medicine,PeaceHealth Behavioral Health,PeaceHealth Immediate Primary and Urgent Care,PeaceHealth Nutrition Services,PeaceHealth Primary Care,Pregnancy and Childbirth Care at PeaceHealth,PeaceHealth Women's Health,PeaceHealth Emergency Medicine",,"St. Joseph Medical Center,PeaceHealth at Cordata Main",,5,,,5/10/2022 4:20pm
Project Hope Lynden ,,Vetted,Project Hope,Whatcom County,(360) 354-4673,https://www.projecthopelynden.org,"A food bank and Community Assistance Program that helps Lynden community members with short-term, emergency assistance.

","Project Hope Food Bank,Project Hope Community Assistance",,Project Hope,,5,,,4/25/2022 3:42pm
Salvation Army,,Vetted,,Whatcom County,(360) 733-1410,http://bellingham.salvationarmy.org,"Provides food boxes, holiday programs, and Puget Sound Energy Assistance with urgent and/or shut off notice.","Salvation Army Energy Assistance ,Salvation Army Food Bank",,Salvation Army,,,,,3/23/2022 10:59am
Sea Mar Community Health Center,,Vetted,Sea Mar,Whatcom County,,https://www.seamar.org/index.html,"A community-based organization committed to providing quality, comprehensive health, human, educational and cultural services to diverse communities, specializing in service to Latinos. 
","Sea Mar Bellingham Medical Clinic,Sea Mar Everson Medical Clinic,Sea Mar Bellingham Dental Clinic,Sea Mar Bellingham Behavioral Health Clinic,Sea Mar Bellingham Behavioral Health Child and Family Services,Sea Mar Health Education,Sea Mar Maternity Support Services,Sea Mar WIC and Nutrition Program,Sea Mar Healthcare for the Homeless Program,Sea Mar Migrant and Seasonal Farmworker Promotores Program",,"Sea Mar Bellingham Medical Clinic,Sea Mar Everson Medical Clinic,Sea Mar Bellingham Dental Clinic,Sea Mar Bellingham Behavioral Health Clinic,Sea Mar Bellingham Downtown",,5,,,3/31/2022 3:31pm
Southside Food Bank,,Vetted,,Whatcom County,(360) 733-8400,https://www.hcbellingham.com/southside-food-bank/,Provides food to anyone in need. Open the first and third Thursday of each month.,Southside Food Bank,,Southside Food Bank,,,,,3/23/2022 11:00am
The Arc of Whatcom County,,Vetted,The Arc,Whatcom County,(360) 715-0170,http://arcwhatcom.org/wp/about-the-arc/dan-godwin-community-center/,"Works to improve the quality of life, increase the independence and assure the full inclusion in the community of all persons with developmental disabilities. The Arc acts as an information resource, linking persons with developmental disabilities and their families with available resources in the community.

","Parent Coalition,Parent to Parent Support Programs,Self-Advocacy Program,Down Syndrome Outreach Program,Medicaid Personal Care Parent Training,The Arc Legislative Advocacy",,The Arc of Whatcom County Dan Godwin Community Center,,5,,,5/19/2022 12:11pm
Tutu's Free Food Hotline ,,Vetted,Tutu's Free Food Hotline,Whatcom County,(360) 788-7EAT (7328),,A Project of Whatcom Anti-Hunger Coalition and Opportunity Council. People can call this number and get information on food banks and prepared meal served on each day of the week.,Tutu's Free Food Hotline,,,,,,,3/31/2022 2:55pm
Unity Care NW,,Vetted,Unity Care NW,Whatcom County,(360) 676-6177,https://unitycarenw.org,"A local, non-profit health care provider that is part of a national network of community health centers. Aims to improve access to health care for everyone, regardless of insurance status or ability to pay.

","Unity Care NW Primary and Preventative Health Care,Unity Care NW Children's Medical Care,Unity Care NW Adult Dental Care,Unity Care NW Children's Dental Care,Unity Care NW Behavioral Health",,"Unity Care NW Bellingham Medical and Children's Dental Services,""Unity Care NW Bellingham Adult Dental, Behavioral Health, Donations, and Administration"",Unity Care NW Bellingham Pharmacy,Unity Care NW Ferndale",,5,,,3/31/2022 3:31pm
Whatcom Center for Early Learning,WCEL,Vetted,WCEL,Whatcom County,(360) 671-3660,http://www.wcel.net/,"Providing comprehensive, family centered early intervention services for children ages birth to three with special needs.","Early Support for Infants and Toddlers (WCEL),Sensational Toddlers,WCEL Friends Playgroup,WCEL Drop-in Playgroups",,Whatcom Center for Early Learning,,5,,,5/19/2022 1:01pm
Whatcom County Health Department ,,Vetted,Whatcom County Health Department,Whatcom County,(360) 778-6000,http://www.co.whatcom.wa.us/health/,Health Department for Whatcom County.,"Nurse-Family Partnership,Whatcom County Veterans Program,Prevention Coalitions,Syringe Services Program",,"Whatcom County Health Department ,Whatcom County Health Department - State Street",,5,,,5/25/2022 7:51am
Whatcom County Library System,WCLS,Vetted,,Whatcom County,(360) 305-3600,http://www.wcls.org,"Library system for Whatcom County with branches in Blaine, Deming, Everson, Ferndale, Lummi Island, Lynden, Maple Falls, Point Roberts, South Whatcom, and Sumas. ","WCLS WiFi and Laptops,WCLS Printing Services,WCLS Meeting Spaces,WCLS Learning Resources,WCLS Community Resources,WCLS Events Calendar",,"Blaine Library,Deming Library,Everson Library,Ferndale Library,Island Library,Lynden Library,North Fork Library,Northwest Drive Library Express,Point Roberts Library,South Whatcom Library,Sumas Library",,,,,7/14/2022 10:12am
Bellingham Whatcom County Housing Authority,,Vetting In Progress,,Whatcom County,(360) 676-6887,http://www.bellinghamhousing.org/,"Hrs. M-F, 9am-4pm.  Subsidized housing options for income eligible households; includes Section 8, Project Based Section 8 and Public Housing.",,,Bellingham Whatcom County Housing Authority,,,,,8/17/2022 1:27pm
Boys and Girls Clubs of Whatcom County,,Vetting In Progress,,Whatcom County,(360) 738-3808 (corporate office),http://www.whatcomclubs.org/,"Impact kids through academic success, good citizenship, healthy lifestyles, and athletic programs.  Before and after school programs available.
Bellingham: 1715 Kentucky St. Bellingham 98229 - (360) 527-9777
Ferndale: 2015 Cherry St. Ferndale 98248 - (360) 384-0753
Lynden: 8800 Bender Rd. Lynden 98264 - (360) 354-9959
Blaine: 635 8th St, Blaine 98230 - (360) 332-3008",,,,,,,,6/13/2022 1:33pm
Catholic Community Services,,Vetting In Progress,,Whatcom County,(360) 676-2164,http://www.ccsww.org/,"Hrs. M-Th: 8am-6pm, F: 8am-5pm  Provides behavioral health assessments and services for children up to age 21 with state health insurance",,,Catholic Community Services,,,,,6/13/2022 1:33pm
Catholic Housing Services,,Vetting In Progress,,Whatcom County,(360) 671-1077,http://ccsww.org/get-help/housing/,Has units for low-income people and and persons with disabilities.  Units accessed through the housing pool at Opportunity Council.  ,,,Catholic Housing Services,,,,,6/13/2022 1:34pm
City Gate Apartments (Pioneer Human Services),,Vetting In Progress,,Whatcom County,Resident Manager: (360) 927-6533,http://www.pioneerhumanservices.org,"Permanent supportive housing for offender re-entry program. Clients must be homeless and referrals made by corrections officer, mental health counselor, shelter program or other referring agency on a case by case basis. Clean and Sober supervised program.",,joseph.nagel@p-h-s.com ,City Gate Apartments,,,,,6/13/2022 1:34pm
Compass Health ,,Vetting In Progress,,Whatcom County,(360) 676-2220,http://www.compasshealth.org ,Hrs. M-F: 8:30am-5:30pm. Offers comprehensive and personalized mental health and psychiatric outpatient services.,,,Compass Health,,,,,6/13/2022 1:34pm
Goodwill Job Training and Education Center ,,Vetting In Progress,,Whatcom County,(360) 738-0483,https://seattlegoodwill.org/locations/5,"Hrs: M-Th 9am-5pm, Fri by appt.  We offer FREE classes in a wide range of subjects, including English for Speakers of Other Languages (ESOL), Computers, GED Preparation, and Retail and Customer Service.",,,Goodwill Job Training and Education Center,,,,,6/13/2022 1:35pm
Hillcrest Chapel ,,Vetting In Progress,,Whatcom County,(360) 733-8400,,"Hrs. M-Th: 9am-4pm. Fri by Appointment. Emergency financial assistance for gas vouchers, food, utilities, and other emergency needs. Rental assistance not available. Call for information.",,,Hillcrest Church,,,,,6/13/2022 1:35pm
Home Rehabilitation Loan Program,,Vetting In Progress,,Whatcom County,(360) 778-8391,https://www.cob.org/services/housing/Pages/home-rehabilitation.aspx ,Hrs. M-F: 8am-5pm. Loan program to assist low and moderate income Bellingham City residents in making repairs to their homes with 0% and low interest loans.,,,Bellingham City Hall,,,,,6/13/2022 1:35pm
Kaleidoscope Play and Learn Groups,,Vetting In Progress,,Whatcom County,,,,,,,,,,,5/4/2022 4:07pm
Kids in Motion ,,Vetting In Progress,,Whatcom County,(412) 444-KIDS (5437),http://www.kidsinmotionclinic.org/,"Kids in Motion provides physical, occupational and speech therapy for children with neurodevelopmental disorders. Kids in Motion offers home based therapy services to support the development of successful strategies for daily living.  Children receive quality intervention and caregivers are empowered, all within the comfort of home.  Works out of Christ the King church on Tuesdays and Thursdays.  ",,,Christ the King Community Church Bellingham,,,,,6/13/2022 1:36pm
Kids Korner ,,Vetting In Progress,,Whatcom County,(360) 734-3858,http://kidskornerlearningcenter.net/home,"Hrs: M-F 6:30am-6:30pm Childcare for 1 to 5 years, provides Head Start services, toddler and preschool curriculum, meals included, accepts DSHS.    ",,,Kids Korner,,,,,6/13/2022 1:36pm
Kulshan Community Land Trust ,,Vetting In Progress,,Whatcom County,(360) 671-5600,http://www.kulshanclt.org/,Hrs. M-F: 9am-5pm. Non-profit working to create healthy communities through permanently affordable homeownership. See website for income qualifications.  Also have monthly home buyer education classes.,,,Kulshan Community Land Trust,,,,,6/13/2022 1:36pm
Law Advocates  ,,Vetting In Progress,,Whatcom County,(360) 671-6079,http://www.lawadvocates.org/,"Hrs. M-Th:9am-5pm, Fri:9am-12pm.  Offers free civil legal advice & referrals for low-income households. To determine eligibility and type of legal problem call the CLEAR line M-F 9:15am-12:15pm at 1-888-201-1014.  Also offers law clinics like Street Law, Tenant Clinic, and Access ID. Please see website for details on all Law Advocate programs and clinic times.",,,Law Advocates,,,,,6/13/2022 1:36pm
Lighthouse Mission  ,,Vetting In Progress,,Whatcom County,(360) 733-5120,http://www.thelighthousemission.org/,"Emergency shelter for single men and women. Limited space available for fathers with children and mother with teenage sons, medical respite, and men with special needs. Transitional housing for men. Prepared meals served daily, call for times.  ",,,Lighthouse Mission Ministries,,,,,6/13/2022 1:36pm
Little Cheerful Cafe Soup Kitchen ,,Vetting In Progress,,Whatcom County,,,"Mondays: 6-7pm, November-March. Provides a meal to the homeless community of Whatcom county, all are welcome.",,,Little Cheerful,,,,,5/4/2022 4:11pm
Love INC. ,,Vetting In Progress,,Whatcom County,(360) 671-6201,http://www.whatcomloveinc.org/ ,"Hrs: M-Th 9am-1pm. Services include budget counseling, furniture program, relational support, transportation to medical appointments with two-week advance notice, small home repair, bus pass and food voucher. Limited financial resources include prescription co-pays, back to work needs (such as work boots) and transportation funding for those who are homeless and moving into housing or a person escaping DV situation",,,Love INC,,,,,5/4/2022 4:11pm
Lummi Children’s Services ,,Vetting In Progress,,Whatcom County,(360) 384-2324,,"Hrs. M-F: 8am-4:30pm.  Provides a continuum of culturally relevant support services to children and families of the Lummy Nation in the area of foster care, alternative parental care, and intervention/prevention.",,,Lummi Children's Services,,,,,6/13/2022 1:36pm
Lummi Community Services ,,Vetting In Progress,,Whatcom County,Unnamed record,http://www.lummi-nsn.org/website/dept_pages/health/commods.shtml,"Provides food and energy assistance to low income households allowing the clients to maintain his or her dignity while applying for services.  Commodity foods, nutrition education, energy assistance, lummi wood cutting, food bank, diapers and clothing, and holiday food baskets.",,,Lummi Community Services,,,,,6/13/2022 1:36pm
Lummi Housing ,,Vetting In Progress,,Whatcom County,(360) 312-8407,http://www.lummi-nsn.org/website/dept_pages/housing/housing_home.shtml,"Hours: Mon-Fri, 830am-430pm. Subsidized housing for Native Americans.  Lummi Tribal members are prioritized. ",,,Lummi Housing,,,,,6/13/2022 1:36pm
Lummi Victims of Crime - LVOC ,,Vetting In Progress,,Whatcom County,(360) 312-2015,https://www.lummi-nsn.gov/Website.php?PageID=399,"Hrs. M-F: 8am-4:30pm. or 24 Hour Hotline:  (360) 384-6974
At LVOC we are here to help any adult or adolescent who has been affected by domestic violence, sexual assault, elder abuse, assault & battery, survivor of homicide, and child abuse.  Services include: crisis counseling, advocacy for domestic violence and sexual assault crimes, safety planning, legal advocacy, transportation to medical, legal, and therapy appointments, Domestic Violence shelter, and traditional healing",,,Lummi Victims of Crime,,,,,6/13/2022 1:37pm
Lydia Place  ,,Vetting In Progress,,Whatcom County,(360) 671-7663,http://www.lydiaplace.org,"A nonprofit, community-based agency serving homeless families.  
Housing programs include emergency, transitional, and permanent supportive housing. Provides intensive case management, advocacy and education, parenting support, life skills classes, behavioral health counseling, and community resource referrals. ","Lydia Place Housing for Households Without Children,Lydia Place Family Housing,DVSAS Partnership,Parents as Teachers ,CenteringPregnancy",,Lydia Place,,,,,4/6/2022 10:39am
Miracle Food Network,,Vetting In Progress,,Whatcom County,,,,,,,,,,,5/4/2022 4:08pm
New Way Ministries ,,Vetting In Progress,,Whatcom County,(360) 354-9930,http://www.christianhopeassociation.org,New Way Ministries is a non-profit organization that provides six months of transitional housing to women and their children and Great Expectations maternity home that provides housing for pregnant and new moms in crisis. New Way ministries has three housing programs for women and their children and a Next Steps program for a continuum of support after they finish our transitional housing. This ministry is a facet of the Christian Hope Association.,,,New Way Ministries,,,,,6/13/2022 1:37pm
Nooksack Indian Housing Authority ,,Vetting In Progress,,Whatcom County,(360) 592-5163,http://www.nooksacktribe.org/departments/housing-department/ ,"The Nooksack Indian Housing Authority (NIHA) currently serves a significant portion of the Nooksack tribal community in providing housing services. NIHA provides housing opportunities for 179 Nooksack families to help people overcome different barriers. Of the 179 Nooksack families housed, 59 of such families have conveyed an interest in homeownership; 100 families are active participants of eventual homeownership programs and 22 are participants of the Low Rent Program. NIHA also administers a waiting list of Tribal Members in need of affordable housing, and is creating future plans and developments that would keep this list to a minimum. Additionally, NIHA helps Tribal Members connect with other State and Federal housing services, including the Section 184 Home Loan Program, Down Payment Assistance, as well as other administrative assistance.",,,,,,,,6/13/2022 1:37pm
Nooksack Tribal Education Department ,,Vetting In Progress,,Whatcom County,(360) 966-9696,http://www.nooksacktribe.org/departments/education/,"Hrs. M-F: 9am-5:30pm.  Head Start program for 3-5 year olds. After school homework help, summer reading and math programs, cultural workshops and language classes.  Liaison for parents with communicating with school and IEP meeting. Tutoring available with a referral. Assists in providing vocational training, high school diplomas, and all levels of higher education. Tribal Members can apply for several educational grants for adult basic education, higher education, adult vocational technical education, career training and technical education and school expenses and extracurricular expenses. ",,,Nooksack Tribal Education Department,,,,,6/13/2022 1:37pm
Northwest Justice Project ,,Vetting In Progress,,Whatcom County,(360) 734-8680,http://www.nwjustice.org/,"M-F 9am-5pm. Provides free civil legal services to low income households.
Call CLEAR line, 1-888-201-1014, for client intake. ",,,Northwest Justice Project,,,,,6/13/2022 1:37pm
Operation School Bell - Assistance League of Bellingham,,Vetting In Progress,,Whatcom County,(360) 738-2803,http://assistanceleaguebellingham.org/school-bell/,Provides clothing and shoes for school age children K-8 and homeless high school students. Referrals made through Whatcom County School Districts in the fall.,,,Assistance League of Bellingham,,,,,6/13/2022 1:38pm
Our Treehouse,,Vetting In Progress,,Whatcom County,,http://www.our-treehouse.org,Our TreeHouse provides a safe environment where children and their families grieving a death can share their experiences and help them heal. Peer support groups and pizza offered the first and third Tuesday of the month from 6:00 until 8:00 PM for children and teens who are grieving due to the death of a parent or sibling. For more information call Lizanne Schader at 360.223.6681. Separate support group offered on-site for adults raising grieving youth. ,,,Our Treehouse,,,,,6/13/2022 1:38pm
Rebound of Whatcom County,,Vetting In Progress,,Whatcom County,(360) 714-0700,http://reboundfamilies.org/,"Hrs: M-F: 9am-4:30pm. Provides services that meet the needs of children and families dealing with poverty, domestic violence, homelessness and abuse.",,,Rebound of Whatcom County,,,,,6/13/2022 1:38pm
Rooted Emerging,,Vetting In Progress,,Whatcom County,(360) 510-3205,http://www.rootedemerging.org/  ,"Nonprofit project of 4-H, offering positive youth development in the context of Adventure Education. Coming of age programs for girls and boys ages 11-15 in a community focused right of passage. ",,,Rooted Emerging,,,,,6/13/2022 1:39pm
St Paul’s Episcopal Church Alms Ministry,,Vetting In Progress,,Whatcom County,(360) 733-2890,,"Hrs. Tuesday 9-10am in room #113 Emergency financial assistance for transportation, food, utilities, and other emergency needs. ",,,St. Paul's Episcopal Church,,,,,5/4/2022 4:12pm
St. Joseph’s Catholic Church Outreach,,Vetting In Progress,,Whatcom County,(360) 384-3651,http://stjosephferndale.org/v2/ministries/,"Hrs. Th: 10am-11am Sept.-June, excluding Thanksgiving. Serves members of the Ferndale, Custer and Lummi nation communities in need of food.",,,St. Joseph's Catholic Church Outreach,,,,,5/4/2022 4:12pm
St. Vincent De Paul-Sacred Heart Church,,Vetting In Progress,,Whatcom County,(360) 734-2722,,"Hrs. T, W: 3pm - 4pm, Thursdays: 11-12.  Provides gas vouchers and emergency food vouchers. ",,,St. Vincent De Paul,,,,,5/4/2022 4:12pm
Sumas Food Bank,,Vetting In Progress,,Whatcom County,,http://sumasacchurch.weebly.com/community.html,Provides free food to people in need.,Sumas Food Bank,,,,,,,3/31/2022 2:41pm
The Whatcom Dream,,Vetting In Progress,,Whatcom County,(360) 319-3759,http://thewhatcomdream.org/,"Create poverty reducing pathways for Whatcom County residents to discover their dreams and achieve their full potential. Provides financial literacy classes. Classes meet once a week for a ten week period and cover: Values, Budgeting, Goal Setting, Banking, Debt Reduction, Credit Repair, Consumerism, Insurance, Transportation, Home Ownership, Retirement and Investing.",,,,,,,,6/13/2022 1:39pm
Violence Intervention Professionals,,Vetting In Progress,,Whatcom County,(360) 756-9929,,"Hrs. M, T, Th: 11am-8pm, W: 11am-7pm.  Provides abuse control training for men and women, ages 17 and above.  ",,,Violence Intervention Professionals,,,,,6/13/2022 1:40pm
We Care of Whatcom County,,Vetting In Progress,,Whatcom County,(360) 647-5415,,"Hrs. T-Sat: 10am-3pm  Provides clothing, furniture and household items. On your first visit, purchase your reusable bag for $7 each.  Once you own the bag, you can bring in 1-2 bags and fill for $7, 3-4 bags to fill for $10, and 5-6 bags for $15.",,,We Care of Whatcom County,,,,,6/13/2022 1:40pm
Whatcom Homeschool Association ,,Vetting In Progress,,Whatcom County,(360) 671-3689,http://www.whatcomhomeschool.org,"Monthly support meetings, 2nd Tuesday of the month at 7pm. Please call for location. ",,,Whatcom Homeschool Association,,,,,8/17/2022 1:31pm
Whatcom Kid Insider,,Vetting In Progress,,Whatcom County,,,,,,,,,,,5/4/2022 4:06pm
WorkSource Whatcom,,Vetting In Progress,,Whatcom County,(360) 676-1521,http://www.worksourcewa.com/,"Hrs. M, W-F: 8am-5pm, Tuesday: 9am-5pm. 2nd & 4th Thursday open until 7pm.  Job search, career exploration, computer use, training on resumes and cover letters, and interview preparation. Job training programs for youth, adults, and mature workers, worker retraining, Division of Vocational Rehabilitation, and information on unemployment insurance.  ",,,WorkSource Whatcom,,,,,6/13/2022 1:41pm
YWCA Transitional Housing,,Vetting In Progress,,Whatcom County,(360) 734-4820,http://www.ywcabellingham.org/,"Apply through Opportunity Council. Provides low cost housing and services to single adult women in transition, for up to 18 months. Emergency housing for up to 60 days. ",,,,,,,,6/13/2022 1:41pm
Al Boe Wheelchair Warehouse (Bellingham Lions Club),,,,Whatcom County,,http://www.bellinghamcentrallions.org/al-boe-wheelchair-warehouse/,"Hrs. M & Th: 9-11:30AM, except holidays.  Loans durable medical equipment to people in Northwest Washington. Equipment includes, low vision aids, wheelchairs, powerchairs, walkers, crutches, canes, and bedside and bathroom helpers of all kinds.  Loans are for three months, but may be extended based on need.  The warehouse runs entirely on donations.",,,Al Boe Wheelchair Warehouse,,,,,
"Al-Anon/Alateen
",,,,Whatcom County,1-800-344-2666,http://www.wa-al-anon.org/,Support for families and friends of alcoholics. For meeting times and locations please call or see website,,,,,,,,
Alternative Humane Society,,,,Whatcom County,(360) 671-7445 (leave a message),http://alternativehumanesociety.com/,Recruits and trains volunteers to work as foster homes and find good homes for dogs.  They have no shelter. Provides discount vouchers for spay and neuter services depending upon availability of funding.,,,Alternative Humane Society,,,,,
American Red Cross- Whatcom County Chapter,,,,Whatcom County,(360) 733-3290,http://www.redcross.org/mtbaker,"Hrs. M-Th: 9am-2:30p. Provides disaster and emergency assistance, CPR and First Aid classes. Provides services and serves as a communication link for the armed forces.",,,American Red Cross Whatcom County Chapter,,,,,
Animals as Natural Therapy-Windy Acres Farm,,,,Whatcom County,(360) 671-3509,http://www.animalsasnaturaltherapy.org/,"Hrs. M-F: 10a-4p. Uses horses and other animals to teach important life skills, respect for self and others, trust and clear communication.",,,Windy Acres Farm,,,,,
Art Bergh Recovery Residence ,,,,Whatcom County,Contact Steve Burger (360) 303-6334,,Men’s clean and sober living.,,,Art Bergh Recovery Residence,,,,,
Belair Clinic,,,,Whatcom County,(360) 676-4485,http://www.belairclinic.com/,Intensive inpatient and outpatient treatment for alcohol and substance abuse. Hrs. M-F: 9am-5:30pm. Saturday: ADIS (Alcohol Drug Information School) 9am-5pm. $150. Register and pre-pay online or over the phone. Also offer deferred prosecution services for DUI.,,,Belair Clinic,,,,,
"Bellingham Asthma, Allergy and Immunology Clinic",,,,Whatcom County,(360) 733-5733,http://www.belasthma.com,"Hrs. M-Th: 8:30am-5:30pm. Provides care to Whatcom County residents with the diagnosis and manag ement of asthma, chronic cough, respiratory allergies, chronic rhinitis, sinusitis, eczema, allergies, hives, recurrent infections, and immunodeficiency problems.",,,,,,,,
Bellingham Childcare and Learning Center,,,,Whatcom County,(360) 676-0950,http://www.bellinghamchildcare.com/,"Hrs, M-F 6:30am-6pm Provides ECEAP services, accredited childcare and early learning center, operating on a sliding fee scale.",,,Bellingham Childcare and Learning Center,,,,,
Bellingham Senior Activity Center,,,,Whatcom County,(360) 733-4030,http://wccoa.org/index.php/BellinghamSeniorActivityCenter/,"Hrs. M-F: 8am-4:30pm. Sat. from 9am to 1pm.  Multi-purpose drop in facility offering a variety of services, programs and activities.",,,Bellingham Senior Activity Center,,,,,
Bellingham Technical College,,,,Whatcom County,(360) 752-7000,www.btc.edu,"Professional Technical Education.  BTC offers high-quality education in a supportive, student-first environment and has been providing skills-focused education.  BTC students prepare for careers in many fields from advanced manufacturing to accounting; process technology to pastry; registered nursing to radiologic technology.",,,Bellingham Technical College,,,,,
Bellingham Vet Center,,,,Whatcom County,"after hours (877) 927-8387,(360) 733-9226",http://www.va.gov/directory/guide/facility.asp?ID=5104,"Hrs. M: 8am-4:30pm, T-F: 8am-6pm, Sat.:10am to 6pm, Sun: closed. Provides veteran information, claims assistance, mental health counseling for combat Vets. Veterans Service Officer (VSO) available to help with disability claims.",,,Bellingham Vet Center,,,,,
Birchwood Timberlake House ,,,,Whatcom County,(360) 389-5992,,Clean and sober living for men.  ,,,Birchwood Timberlake House,,,,,
Cascade Connections,,,,Whatcom County,(360) 647-9087,http://www.cascadeconnections.org,Hrs. M-F: 9am-5pm. Pre-vocational and vocational skills for persons with disabilities seeking employment opportunities.,,,Cascade Connections,,,,,
Cascade Job Corps College and Career Academy,,,,Whatcom County,,http:www.CascadesJobCorpsCCA.com ,"Hrs. M-F 8am-5pm or by appointment as center is open 24/7. Free residential training program for youth 16-21 interested in a career in healthcare or information technology. Program offers tuition free college education, free housing, healthcare and on the job training, recreational opportunities and much more for eligible students. Tours available.",,,Cascade Job Corps and Career Academy,,,,,
Command Center Inc ,,,,Whatcom County,(360) 676-1666,http://www.commandonline.com/,"Hrs. M-F: 6am-6pm, sometimes closed from 12pm-1pm for lunch. Provides long term and short term job placements.",,,Command Center Inc.,,,,,
Employment Solution Inc. ,,,,Whatcom County,(360) 734-8860,,Hrs. M-F: 7:30am-5:30pm. Stops taking application at 4pm. Temporary to permanent employment opportunities.  ,,,Employment Solution Inc.,,,,,
Evergreen Supported Living ,,,,Whatcom County,(360) 671-5898,http://evergreenhome.org/,Hrs. M-F: 8:00 am to 6:00 pm. Small non-profit organization supporting adults with developmental disabilities. ,,,Evergreen Supported Living,,,,,
"Evergreen Wellness Advocates
",,,,Whatcom County,"1-800-249-2437 (hotline),(360) 671-0703",http://ewadvocates.org/,Hrs. M-F: 9:30am-4:30pm.  Case management for individuals with chronic illness and HIV/AIDS support/free testing.,,,Evergreen Wellness Advocates,,,,,
Everson Senior Activity Center ,,,,Whatcom County,(360) 966-3144,,"Located behind city hall. Open Monday & Friday: 9am-1:30pm. Senior Activity Center. Hot lunch served at noon.  Activities like pool table, cards, music, etc. ",,,Everson Senior Activity Center,,,,,
Ferndale Senior Center,,,,Whatcom County,(360) 384-6244,,"Hrs. M-F: 8am-4pm. Sat: 9am-1pm. Senior Activity Center. Gym, zumba, strength training, bus trips, pool hall, sewing groups, carving groups, line dancing, etc. Lunch served at noon. Annual membership is $35.",,,Ferndale Senior Center,,,,,
Frank Haskell Lions Eye Clinic ,,,,Whatcom County,,http://bellinghamcentrallions.org/,"Free eye clinic for Whatcom County residents sponsored by Bellingham Central Lions. Services include eye exam, and if needed, lenses and frames. Appointments available on Thursdays between 1pm and 4pm. Must complete an application to schedule. Requirements/Applications available on website or visiting Whatcom Alliance for Health Advancement. M-F 9am-5pm at 800 E. Chestnut Lower Level, suite 2.  If eligibility requirements are met, complete an application and mail to Haskell Lions Eye Clinic, 800 E. Chestnut Suite 3-B, Bellingham WA 98225.",,,Frank Haskell Lions Eye Clinic,,,,,
Habitat For Humanity and HomeStore - Whatcom County,,,,Whatcom County,(360) 715-9170 (office) or (360)778-2036 (HomeStore),http://www.hfhwhatcom.org/,"M: Donations only 10am-5pm, T-F: 9a to 6pm and Saturday from 10am to 5pm.  Homestore benefits a program where volunteers build houses for low-income families who have been chosen on the basis of need for adequate shelter.  Selected families must contribute 500 hours of sweat  equity on the construction of the house.",,,Habitat for Humanity HomeStore Bellingham,,,,,
Helen’s House,,,,Whatcom County,Contact Steve Burger (360)303-6334,,Women’s clean and sober living.  ,,,Helen's House,,,,,
Jesus Christ Chief Cornerstone Ministries ,,,,Whatcom County,(360) 312-0232,,"Clean and sober living.  Co-ed, men and women housed separately.  Cabins only have electricity, no heat or running water.  ",,,Jesus Christ Chief Cornerstone Ministries,,,,,
Juvenile Community Justice Center ,,,,Whatcom County,(360) 676-6780 (#4 option),http://www.co.whatcom.wa.us/juvenile/,"Hrs: M-F 8am-5pm, closed 12pm-1pm.  Provides methods to identify and intervene with juveniles at risk of becoming violent and chronic offenders. ",,,Juvenile Community Justice Center,,,,,
Kulshan Pediatric Dentistry,,,,Whatcom County,(360) 424-3811,http://www.kulshanpediatricdentistry.com ,Hrs. M-F: 8am-5p. Private dental office with five pediatric dentists. Accepts state funded health insurance for children ages 0-18. ,,,Kulshan Pediatric Dentistry,,,,,
Lake Whatcom Residential and Treatment Center ,,,,Whatcom County,(360) 676-6000,http://www.lwrtc.org ,"Hrs. M-F: 8:30am-5pm. 67 bed, supervised living program for persons 18 and over with mental illness and on medicaid.  Call 1-888-693-7200 for mental health services and to determine eligibility.  If you are in crisis and need someone to talk to, call 1-800-584-3578.",,,Lake Whatcom Center,,,,,
Lynden Senior Community Center ,,,,Whatcom County,(360) 354-4501,http://www.lyndencommunitycenter.org/,Hrs. M-F: 8:00am-4:00pm. Drop-in activity center targeted for seniors. Hot meal available at noon. Volunteer opportunities available,,,Lynden Senior Community Center,,,,,
Maplewood House ,,,,Whatcom County,Contact Dan Houston (360) 778-9616,,Co-ed clean and sober housing.,,,Maplewood House,,,,,
Max Higbee Recreational Center,,,,Whatcom County,(360) 733-1828,http://www.maxhigbee.org/,"Community-based recreation programs for teens and adults 14 years and older with developmental disabilities.Hrs. Community Access Program (CAP) M-F 1:30-5:30pm; Max’s Place Weekend Drop-In Center, Fri & Sat: 5pm-9:30pm; SPIN dance every 3rd Mon of the month 6pm-8pm (@ Bellingham Senior Center); Healthy Lifestyles Program, Tuesday and Thursday, 10:00am-2:00pm ($8 a day).",,,Max Higbee Recreational Center,,,,,
Meals on Wheels/Congregate Meals ,,,,Whatcom County,(360) 746-6480,http://wccoa.org/index.php/Nutrition/mealsonwheels/,"Hrs. M-F: 8am-4:30pm  Meals delivered to seniors 60+, who are homebound, have difficulty shopping for and/or safely preparing nutritious meals, or the spouse or disabled dependent of an eligible senior.",,,Meals on Wheels,,,,,
Mount Baker Planned Parenthood Clinic ,,,,Whatcom County,(360) 734-9095,https://www.plannedparenthood.org/planned-parenthood-mt-baker,"Hrs. M & W-F: 8:30am-5:30pm, T: 9am-7pm, Sat: 8:30am-5pm. Provides women’s health care and education in areas of pregnancy, birth control,pregnancy testing, options counseling, yearly exams, HIV/AIDS and STD testing.   ",,,Mount Baker Planned Parenthood,,,,,
NAMI of Whatcom County (National Alliance on Mental Illness),,,,Whatcom County,(360) 671-4950,http://www.namiwhatcom.org,"NAMI Whatcom offers free support groups and education classes to all those affected by mentai illness including family members and friends.  
 Connections weekly support group for people living with mental illness, 1st, 3rd, and 4th Tuesday,from 6:30-8pm. Family Support Group for family members, caregivers and friends of adults and children with mental health disorders, 2nd and 4th Wed of each month from 6:30-8pm.  Suicide Survivors Support Group meets 2nd and 4th Monday of month from 6:30-8pm, Contact Roger Butler at (480)829-4325.  Depression & Bipolar support alliance, every 2nd Tuesday from 7pm-9pm.  All groups meet at 800 E. Chestnut St. Suite 1C, Bellingham, WA 98225. ",,,NAMI of Whatcom County,,,,,
Northwest Regional Council,,,,Whatcom County,"1-800-585-6749,(360) 676-6749",http://www.nwrcwa.org/,"Hrs. M-F: 8am-5pm. Implements state and federal programs for seniors and adults with disabilities who need long term, community based care.  Transportation for those on Medicaid. ",,,Northwest Regional Council,,,,,
Northwest Therapeutic Riding Center,,,,Whatcom County,(360) 966-2124,http://www.nwtrc.org,"A nonprofit Professional Association of Therapeutic Horsemanship International (PATH Intl.) center. The NWTRC currently has the capacity to serve over 60 riders per week. Participants range in age from 4-74 and include individuals with physical, cognitive, emotional, behavioral and sensory disabilities. ",,nwtrc@premier1.net ,Northwest Therapeutic Riding Center,,,,,
Northwest Youth Services ,,,,Whatcom County,(360) 734-9862,http://www.nwys.org/,"Walk-in Hrs. M-F, 10-2. Northwest Youth Services provides housing and wrap-around support services to at-risk, runaway, and homeless young people ages 13-25 in Whatcom and Skagit counties. Transitional housing program for homeless single, pregnant and parenting youth between the ages of 18-21 (18-25 in Skagit Co) and emancipated youth ages 16-17. Short term emergency housing for those 13-25 years of age., as well as emancipated youth.  Support services include vocational readiness training, teen court, and the Queer Youth Project.  Detour Street Outreach Team (360) 389-0246",,,The Ground Floor,,,,,
Oxford House Connelly,,,,Whatcom County,,http://www.oxfordhouse.org/directory_listing.php?state=WA,Clean and sober housing for men. Check website or call for current vacancy information.,,,Oxford House Connelly,,,,,
Oxford House Journey,,,,Whatcom County,(360) 306-8561,http://www.oxfordhouse.org/directory_listing.php?state=WA,Clean and sober housing for women.  Check website or call for current vacancy information. ,,,Oxford House Journey,,,,,
Oxford House View Ridge,,,,Whatcom County,(360) 393-4328,http://www.oxfordhouse.org/directory_listing.php?state=WA,Clean and sober housing for men.  Check website or call for current vacancy information. ,,,Oxford House View Ridge,,,,,
Paratransit Service-Whatcom Transportation Authority,,,,Whatcom County,(360) 733-1144,http://www.ridewta.com/specialized_transportation_details,"Hrs. M-F: 7:00am-5:00pm & Sat-Sun: 9:00am-5:00pm. WTA’s paratransit service provides curb-to-curb (and if needed, door-to-door) transportation to riders whose disability prevents them from riding our fixed route bus system.  ",,,,,,,,
RE Store,,,,Whatcom County,(360) 647-5921,http://www.re-store.org,"Hrs M-Sat 9am-6pm Sun: 10am-5pm Quality used building and home improvement materials and pick up services, salvage, and building deconstruction. Drop offs end an hour before closing. ",,,RE Store,,,,,
Redemption Place,,,,Whatcom County,(360) 739-9298,www.secondwakeup.org,Clean and sober living.  Application online.  ,,andy@redemptionplace.com ,,,,,,
ReSources,,,,Whatcom County,(360) 733-8307,http://www.re-sources.org/,"ReStore. Hrs. M-Th: 9am-5pm. Store hours; Mon-Sat 9am-6pm, Sun: 10am-5pm. We promote sustainable communities and protect the health of northwestern Washington's people and ecosystems through application of science, education, advocacy and action. Our vision is to see people living satisfying lives in accord with the ecosystem we depend on",,,ReSources,,,,,
Sean Humphrey House,,,,Whatcom County,(360) 733-0176, http://www.seanhumphreyhouse.org,Hrs. M-F: 8am- 5pm. Six units of housing for low-income people w/ HIV/AIDS.  Support services to optimize the quality of life for those who are unable to live independently. ,,,Sean Humphrey House,,,,,
Second WakeUp House,,,,Whatcom County,"or Felix: (360) 739-5900,Contact Lance: (360) 739-9298",https://secondwakeup.com,Faith-based sober living homes for men and women.  Application available online.,,,Second WakeUp House,,,,,
Skookum Kids,,,,Whatcom County,(360) 353-4781,http://www.skookumkids.org,Provides support for foster kids and families in Whatcom County.,,,Skookum Kids,,,,,
Stepping Stones Clean and Sober Housing,,,,Whatcom County,Contact Pam (360) 671-5586,,"Office hours: T, Th 11am-3pm Three Clean and Sober houses; 1 co-ed and 2 male only.  ",,,Stepping Stones Clean and Sober Housing Office,,,,,
Sumas Community Senior Center,,,,Whatcom County,,,"Hrs. M & F.: 10:00am-1:30pm, W: 5pm-8pm.  Senior activity center.  Noon meal on Mondays and Fridays, Potluck on Wednesday evenings. ",,,Sumas Community Senior Center,,,,,
Sun Community Services,,,,Whatcom County,(360) 392-1324,  ,"Post-crisis emergency housing and permanent supported housing for people with serious, chronic behavioral health issues.",,,Sun Community Services,,,,,
The Sergey Foundation,,,,Whatcom County,,http://sergeyfoundation.org/index.html,Assists households on limited income with emergency veterinary care for companion animals. Application on website.,,sergeyfoundation@yahoo.com,The Sergey Foundation,,,,,
"Veterans of Foreign Wars, Post #1585",,,,Whatcom County,,https://vfwpost1585.wordpress.com,"See web site for events calendar. The VFW Foundation’s mission is simple: support programs to increase awareness of the sacrifices of America’s veterans; promote citizenship education, volunteerism and positive youth programs; and facilitate medical, rehabilitative, educational and employment services and needs for veterans and their families.",,,Veterans of Foreign Wars Post 1585,,,,,
Welcome Valley Senior Center,,,,Whatcom County,(360) 592-5403,,"Hrs. Th: 9am-3pm. Summer hours vary, call ahead.  Senior activity center, meals served at noon.",,,Welcome Valley Senior Center,,,,,
Westcoast Counseling and Treatment Center,,,,Whatcom County,(360) 647-7577,http://www.whatcomcounseling.org/drug-and-alcohol-counseling,"Hrs. M-Th: 9am-6pm. F: 9am-2pm.  Provides outpatient substance abuse treatment service, serving criminal justice clients.",,,Westcoast Counseling and Treatment Center,,,,,
Whatcom Community College,,,,Whatcom County,(360) 383-3000,http://www.whatcom.ctc.edu,"Offers associates degrees, general studies, ESL and Adult Basic Education to prepare for GED, professional/technical areas, programs for academic and occupational success. ",,,Whatcom Community College,,,,,
Whatcom County Behavioral Health Triage Center,,,,Whatcom County,(360) 676-2020,http://www.compasshealth.org,"24 hrs. a day, seven days a week. Whatcom Community Detox, Crisis Intervention and Respite, mental health assessment & referral.",,,Whatcom County Behavioral Health Triage Center,,,,,
Whatcom County Pregnancy Clinic,,,,Whatcom County,(360) 671-9057,http://www.whatcomclinic.com/,"Hours: Monday-Friday 9:00a-5:00p. Services provided include: pregnancy tests, free STI testing, ultrasounds, EWYL parenting classes, childbirth education, free and confidential services.",,,Whatcom County Pregnancy Clinic,,,,,
Whatcom Dispute and Resolution Center,,,,Whatcom County,(360) 676-0122,http://www.whatcomdisputeresolutioncenter.org/,"Hrs. T-F: 10am-5pm Mediation services and trainings in conflict resolution working with young people and adults, families, businesses and organizations.",,,Whatcom Dispute Resolution Center,,,,,
Whatcom Family and Community Network,,,,Whatcom County,(360) 738-1196,http://www.wfcn.org,"Hrs M-F: 8am-4:30pm. Focusing on community organizing at both the neighborhood and county-wide level to build the capacity to support children, youth and families to develop skills and opportunities. ",,,Whatcom Family and Community Network,,,,,
Whatcom Hospice Foundation,,,,Whatcom County,(360) 733-5877,http://www.hospicehelp.org/,Hrs. M-F: 8:30am-5pm.  Services for people who have a prognosis of six months or less to live.  Home visits and 12-bed hospice house.  ,,,Whatcom Hospice Foundation,,,,,
Whatcom Human Rights Task Force,,,,Whatcom County,,http://www.whrtf.org/,Dedicated to promoting and protecting the rights of the human family. Operates within Whatcom Peace and Justice Center. ,,,Whatcom Human Rights Taskforce,,,,,
Whatcom Humane Society ,,,,Whatcom County,(360) 733-2080,http://www.whatcomhumane.org/index.php?outreach,"Hrs: W-Sat. 10am-6pm: Sun.-Mon. 11am-5pm at both Whatcom Humane Society locations: Division St. & Baker Creek- 1661 Baker Creek Place, Bellingham, WA 98226.   ",,,Whatcom Humane Society,,,,,
Whatcom Land Trust,,,,Whatcom County,(360) 650-9470,http://www.whatcomlandtrust.org/,Hrs. M-F: 8:30am-5pm. Preservation of unique natural and open-space land in the county.,,,Whatcom Land Trust,,,,,
Whatcom Literacy Council,,,,Whatcom County,(360) 752-8678,http://www.whatcomliteracy.org/,Hrs. M-F: 9am-5pm. Provides free basic literacy & English as a second language. ,,,,,,,,
Whatcom Self-Help Homes,,,,Whatcom County,(360) 398-0223 or 888-360-0223,http://www.whatcomskagithousing.com,Hrs. M-F: 8:30am-5pm. Provides assistance to limited income people to build their own homes. ,,,Whatcom Self-Help Homes,,,,,
"DCYF (Washington State Department of Children, Youth, and Families)",,Vetted,DCYF,Washington State,,https://www.dcyf.wa.gov,"The lead agency for state-funded services that support children and families to build resilience and health, and to improve educational outcomes. ","Child Protective Services,Child Abuse Hotline,Foster Parenting and Kinship Care,Foster Parent and Caregiver Support line,Adoption Support Program",,,,5,,,3/31/2022 9:32am
DSHS (Washington State Department of Social and Health Services),,Vetted,DSHS,Washington State,(877) 501-2233,https://www.dshs.wa.gov,Washington's social services department.,"Basic Food,Housing and Essential Needs,""Aged, Blind, or Disabled Program"",Temporary Assistance for Needy Families,Pregnant Woman Assistance Program,Refugee Cash Assistance,Office of Refugee and Immigrant Assistance,Division of Child Support,Division of Vocational Rehabilitation,Aging and Long-Term Support Administration,Developmental Disabilities Administration,Adult Protective Services",,Bellingham Community Services Office (DSHS),,5,,,3/31/2022 9:32am
"CLEAR (Coordinated Legal Education, Advice and Referral) ",,Vetting In Progress,,Washington State,,https://nwjustice.org/get-legal-help,"Hrs. M-F: 9:15am-12:15pm. NW Justice Project’s phone service for eligible low income people to obtain free legal assistance with civil legal problems. Available to all seniors.  For an online application to CLEAR, visit https://nwjustice.org/apply-online ",,,,,,,,6/13/2022 1:41pm
Washington Law Help,,Vetting In Progress,,Washington State,,http://www.washingtonlawhelp.org/,"Washington LawHelp is a guide to free civil legal services for low-income persons and seniors in Washington.  This site provides legal education materials and tools that give you basic information on a number of legal problems, and in some cases, detailed instructions and forms to help you represent yourself in court.  You can also locate information on free legal aid programs in Washington, including basic eligibility and contact information.",,,,,,,,6/13/2022 1:42pm
Washington State Domestic Violence Hotline,,Vetting In Progress,,Washington State,1-800-562-6025,https://wscadv.org/get-help-now/,Open daily from 8am-5pm.  Offers phone counseling and referrals to all state domestic violence programs. ,,,,,,,,6/13/2022 1:42pm
211-North Sound,,,,Washington State,211 or 1-800-223-8145,http://www.voaww.org/211,Hrs. M-F: 8am-5pm. Information and referral line for social services.,,,,,,,,
Alzheimer Society of Washington Support Center,,,,Washington State,(360) 671-3316,http://www.alzsociety.org,Hrs. M-F 8am-4pm. Resources for people or caregivers of people with Alzheimers or other dementia related illnesses.,,alz@alzsociety.org,Alzheimer Society of Washington Support Center,,,,,
Attorney General of Washington,,,,Washington State,(360) 676-2037,http://www.atg.wa.gov/,"Provides consumer protection for identity theft and scams, education, labor and industries, licensing, social and health services.",,,Attorney General of Washington,,,,,
Conservation Northwest ,,,,Washington State,(360) 671-9950,http://www.conservationnw.org/,"“Keeping the Northwest wild” by protecting old-growth forests and other wildlands, connect large landscapes and vital habitats, and restore native wildlife.",,,Conservation Northwest,,,,,
Dental Care for Persons with Disabilities ,,,,Washington State,(206) 543-4619,https://dental.washington.edu/patient/clinics/decod/,For people with developmental and/or acquired disabilities that need special treatments supports.  Medicaid and private insurance accepted.  Application required; Cell for more information,,,University of Washington School of Dentistry Clinic,,,,,
Department of Labor & Industries-WA ,,,,Washington State,(360) 647-7300,http://www.lni.wa.gov/,"Hrs. M-F: 8am-5pm.  Workplace safety issues, worker’s comp insurance and rights, labor and consumer protection, trades licensing, contractor registration and license look up.",,,Department of Labor and Industries,,,,,
Disability Rights Washington  ,,,,Washington State,"Please use 711 for TTY,1-800-562-2702,(206) 324-1521",http://www.disabilityrightswa.org/,"Private non-profit organization that protects the rights of people with disabilities statewide.  Our mission is to advance the dignity, equality, and self-determination of people with disabilities.  We work to pursue justice on matters related to human and legal rights.",,,Disability Rights Washington,,,,,
Family Caregiver Support Program-Northwest  Regional Council,,,,Washington State,(360) 676-6749,http://www.nwrcwa.org/family-caregiver-support-program/,"Hrs. M-F: 8am-5pm. Provides support and services for unpaid family caregivers in Island, San Juan, Skagit, and Whatcom counties. 
Island County
Camano Island: 360-387-6201
Coupeville: 360-678-4886
Oak Harbor: 360-675-0311
South Whidbey: 360-321-1600
San Juan County
Lopez, Shaw, Center, Decatur: 360-468-2421
Orcas, Blakely, Waldron: 360-376-2677
San Juan, Brown, Henry, Stuart: 360-378-2677
Skagit County: 360-428-1301
Whatcom County: 360-676-6749",,,,,,,,
Hazardous Substance Information Website,,,,Washington State,,https://ecology.wa.gov ,"Information and Education  about hazardous substances in your community, home, workplace, and school.",,,Washington State Department of Ecology,,,,,
Hearing Speech and Deafness Center ,,,,Washington State,(360) 647-0910  Videophone (360) 255-7166,http://www.hsdc.org/,"Hrs. M-F: 8:30am-5pm. Information and referral services, advocacy and educational programs related to hearing loss, disability rights",,,Hearing Speech and Deafness Center,,,,,
Lifeline Connections,,,,Washington State,(360) 922-3030,http://www.lifelineconnections.org,"Lifeline Connections offers a full complement of inpatient, outpatient and aftercare treatment, including a Medication-Assisted Recovery program for people with opioid use and/or alcohol use disorders. Our programs are designed with the needs of the individual in mind, and treatment is built on evidence-based, best-practice standards and protocols.
 

Hrs: Mon-Fri 8:30am-5:30pm l Walk-in MAT Rapid Response Clinic Mon & Wed 8:00am – 2:00pm, Tue & Thurs 8:00am – 10:00am
l Walk-in assessments Mon-Wed 12:00pm-3:30pm l",,,Lifeline Connections,,,,,
Mental Health Central Access Line ,,,,Washington State,1-888-693-7200,,Provides an initial authorization for mental health assessment and referral to clinic for diagnosis and treatment for those receiving Medicaid,,,,,,,,
Missing Persons Information Center ,,,,Washington State,1-800-543-5678 (24 hrs.),http://www.waspc.org/missing-persons-information,Missing & Unidentified Persons Unit (MUPU) assists law enforcement agencies and parents in locating missing persons. Local law enforcement must be notified before MUPU can become involved.,,,Missing Persons Information Center,,,,,
Northwest Clean Air Agency ,,,,Washington State,,http://www.nwcleanair.org/,"Hrs, M-F: 8am-4:30pm. Northwest Clean Air Agency has been the primary government agency responsible for protecting the air in Island, Skagit and Whatcom counties. We are responsible for enforcing federal, state and local air quality regulations at stationary sources of air pollution in our jurisdiction. Compiled information and tips into this online resource to help you keep your indoor air clean and healthy.",,,Northwest Clean Air Agency,,,,,
Northwest Immigrant Rights Project,,,,Washington State,(206) 587-4009 or 1-800-445-5771,http://www.nwirp.org,Hrs. M-F 9:30am-12pm and 1pm-4:30pm. Provides comprehensive immigration legal services and community education to advance the human rights and well-being of low-income immigrants and refugees. ,,,,,,,,
Office of Mobile and Manufactured Housing,,,,Washington State,1-800-964-0852,http://www.commerce.wa.gov/building-infrastructure/housing/mobile-home-relocation-assistance/,Provides information on mobile and manufactured home relocation assistance and laws associated with mobile home relocation and parks in Washington State.,,,Office of Mobile and Manufactured Homes,,,,,
SHIBA Helpline (Statewide Health Insurance Benefits Advisors) - Medicare,,,,Washington State,"or 800-562-6900,(360) 734-5121 ext. 465",,"The SHIBA program is a network of trained volunteers who educate consumers about their Medicare options and rights. They can help with evaluation of medicare supplement coverage, prescription assistance programs, right and protections, and filing medicare complaints.",,,,,,,,
Solid Ground Landlord/Tenant Information & Hotline,,,,Washington State,(206) 694-6767,https://www.solid-ground.org/get-help/housing/for-tenants/,"Tenant services hotline is a message-only line, open Monday and Thursday: 10:30am-1:30pm, and Wednesday 1:30-4:30pm. Website providing tenants the resources and tools they need to prevent eviction and ensure housing stability. ",,,,,,,,
Veterans Community Based Outpatient Clinic,,,,Washington State,,http://www.pugetsound.va.gov/docs/Mount_Vernon_CBOC_Handout.pdf,"Hrs: M-F 8am-4:30pm for primary care, mental health services, social work serivces, vision and hearing services, lab services, and pharmacist medication reviews. For transportation assistance to clinic, contact Whatcom Volunteer Center at (360) 734-3055 ",,,Veterans Community Based Outpatient Clinic,,,,,
Washington Access Fund,,,,Washington State,(206) 328-5116,www.washingtonaccessfund.org,We provide funding to people with disabilities in Washington and Oregon to purchase assistive technology and achieve greater independence. Provides low-interest loans and matched savings accounts for assisted technology and business equipment.,,,Washington Access Fund,,,,,
Washington Homeownership Resource Center,,,,Washington State,1-877-894-4663,http://www.homeownership-wa.org/,"Hrs. M-F: 8:30am-4:30pm. The Washington Homeownership Resource Center (WHRC) is dedicated to educating and empowering current and future homeowners in Washington State. We offer a website, hotline, and portal where you will find resources for first-time homebuyers, current homeowners, and homeowners who may be facing foreclosure. Through our portal, our agency partners within the state will be able to view a client’s profile in order to better assist them.",,,Washington Homeownership Resource Center,,,,,
Washington Landlord Association,,,,Washington State,,http://waapt.org,WLA is a comprehensive pool of knowledge regarding landlord issues - statewide. We are the go-to organization for finding out how governmental issues affect your business.,,,Washington Landlord Association,,,,,
Washington Poison Center,,,,Washington State,"1-800-572-0638 (TTY),1-800-222-1222 (24 hrs)",http://www.wapc.org/,24 hrs. Responds to calls involving poisoning of both humans and animals. ,,,Washington Poison Center,,,,,
Washington State Coalition Against Domestic Violence,,,,Washington State,"(206) 389-2900 (TTY),(206) 389-2515",http://www.wscadv.org/,Hrs. M-Th: 9am-5pm & F: 9am-12pm.  Provides advocacy and action to help end domestic violence. ,,,Washington State Coalition Against Domestic Violence,,,,,
Washington State Department of Licensing,,,,Washington State,(360) 676-2096,http://www.dol.wa.gov/,"Hrs. T,W,F: 8:30am-5pm, Th: 9:30am-5pm, Sat: 8:30am-2:30pm.  Provides Driver’s licenses & ID cards. ",,,Washington State Department of Licensing Bellingham,,,,,
Washington State Housing Finance Commission,,,,Washington State,,http://www.wshfc.org,"Free pre-purchase and housing foreclosure counseling. We are a publicly accountable, self-supporting team, dedicated to increasing housing access and affordability and to expanding the availability of quality community services for the people of Washington.",,,Washington State Housing Finance Commission,,,,,
Washington Talking Book and Braille Library,,,,Washington State,"(206) 615-0400,1-800-542-0866 (toll free)",http://www.wtbbl.org/,"Hrs. M-F: 8:30am-5pm. Provides a free public library service needed by individuals in Washington State who are unable to read standard print material.  Books in braille, large print, and audio available to be mailed throughout the state of Washington.",,,Washington Talking Book and Braille Library,,,,,
Washington Women In Need,,,,Washington State,(425) 451-8838 or 888-440-9946,http://www.wwin.org/,"Washington Women in Need believes in the power of determined women to transform their lives and the course of their families’ lives for generations to come. We address a deep need in society, providing women a hand up to improve their futures, in turn, strengthening their families and our societies as a whole.
We make financial grants to low-income women in Washington State who are ready for transformational change in two categories: Education and Health Care.",,,Washington Women in Need,,,,,
Skagit County Community Action Agency,,,,Skagit County,(360) 416-7585,https://communityactionskagit.org,"Hrs. M-F: 8:30am-5pm. Provides information & services for low-income families in Skagit County. Energy Assistance, WIC, family support, veteran’s services,, employment services, legal aid, and housing resources.",,,Skagit County Community Action,,,,,
Alcoholics Anonymous,,,,National,"(360) 318-5764 (Español),(360) 734-1688",http://www.whatcomaa.org/,"Support group for people dealing with alcohol addictions.  Call or go online for a list of meeting times.
Island County: (888) 360-1564
Skagit County: (360) 428-7155
South Whidbey: (360) 221-2070",,,,,,,,
Arthritis Foundation,,,,National,"1-800-542-0295,(360) 733-2866",http://www.arthritis.org/,"Hrs. M-F: 9am-5pm. Education, information, support groups, exercise programs and self-help courses for people with Arthritis.  Also hold community fundraising events like the Jingle Bell Run and Golf Tournament.",,,Arthritis Foundation,,,,,
ClearPoint Credit Counseling Solutions ,,,,National,(800) 750-2227,https://www.clearpoint.org,"Hrs. M-F: 7am-11pm Sat: 8am-8pm. (Eastern Time) Assists with financial concerns through free effective counseling, education and advocacy.  Program includes work with a specialist for debt reduction, bankruptcy counseling, and homeowners assistance by phone,  online, or in person. Many services are free, others at a low cost.",,,ClearPoint Credit Counseling Solutions,,,,,
Express Employment Professionals ,,,,National,(360) 734-2457,http://www.expresspros.com ,Hrs. M-F: 8am-5pm.  Provides assistance w/ employment. Temporary to permanent employment. Paid weekly.,,,Express Employment Professionals,,,,,
Ideal Option,,,,National,24-hr scheduling line,https://idealoption.net/#toggle-id-10,"Treats addiction for opioids, methamphetamines, alcohol, tobacco, and other substances with Suboxone, Subutex, Buprenorphine, and Zubsolv.",,,Ideal Option,,,,,
Kelly Temporary Services ,,,,National,(360) 647-2207,http://www.kellyservices.com/,Hrs. M-F: 8am-5pm. Staffing agency with office and light industrial temporary to hire positions available. Paid weekly,,,Kelly Temporary Services,,,,,
Labor Ready,,,,National,(360) 647-7642,http://www.peopleready.com,"Hrs. M-F: 5:30am-6pm, Sat:7am-11am. Employment in construction & physical labor, housekeeping, food processing, both skilled and unskilled.   ",,,Labor Ready,,,,,
Manpower  ,,,,National,(360) 671-1977,http://www.manpower.com/,Hrs. M-F: 8:00am-5:00pm. Provides temporary and permanent employment options.,,,Manpower,,,,,
Narcotics Anonymous ,,,,National,(360) 647-3234,,Support for people with drug addictions. Meetings are held daily.  Call or visit the website for current schedule.  ,,,,,,,,
National Call Center for Homeless Veterans ,,,,National,1-877-424-3838,http://www.va.gov/homeless/nationalcallcenter.asp,Department of Veteran Affairs toll-free 24 hour access to VA counselors and other resources.  For veterans who are homeless or at risk of homelessness. Online chat also available on their website.,,,,,,,,
National Domestic Violence Hotline ,,,,National,"1-800-787-3224 (TTY),1-800-799-7233",http://www.thehotline.org/,"24 hour hotline.  Habla español.  Our highly-trained advocates are available 24/7 to talk confidentially with anyone experiencing domestic violence, seeking resources or information, or questioning unhealthy aspects of their relationship. Online chat also available on their website.",,,,,,,,
National Hopeline Network- Suicide Prevention ,,,,National,1-800-SUICIDE (784-2433) or 1-800-442-HOPE (4673),http://www.hopeline.com/,National hotline for anyone thinking about suicide and/or their family and friends. Online Chat available on their website.,,,,,,,,
National Sexual Assault Hotline ,,,,National,1-800-656-4673,,24 hrs.  Hotline will connect you to local counseling and health care resources. Online Chat also available.,,,,,,,,
Operation Home Free - National Runaway & Youth Crisis Hotline  ,,,,National,1-800-RUN-AWAY/1-800-786-2929 24/7 toll free #,,Youth crisis hotline. National switchboard for the Operation Home Free Program which arranges for rides home for youth ages 12-21 on greyhound bus lines.,,,,,,,,
Share the Love - Cloth Diaper Bank,,,,National,,http://www.cottonbabieslove.com,"Cloth diaper loaner bank for low income families with children birth to 3 years.  Families qualify if they receive any form of government assistance, including apple health for kids. Apply through the website.  ",,,,,,,,
Social Security,,,,National,1-800-772-1213,http://www.ssa.gov/,"Hrs. M,T,Th,F:9am-4pm. W:9am-12pm  Application to Social Security, Supplemental Security Income, Social Security Disability and information on programs",,,,,,,,
Social Security Administration - Medicare,,,,National,1-800-772-1213,http://www.ssa.gov,"Hrs. M,T,Th,F:9am-4pm. W:9am-12pm. Federal health insurance program for people 65 yrs.  or older, or for those receiving SSA disability ",,,,,,,,
Supplemental Security Income (SSI),,,,National,"1-800-772-1213,(360) 738-3952",http://www.ssa.gov/,"Hrs. M-F: 9am-4pm. Income for the blind, disabled, or 65 and older on little or no income.",,,Social Security Administration,,,,,
Trans Lifeline,,,,National,,https://www.translifeline.org,"Trans Lifeline is a national trans-led 501(c)(3) organization dedicated to improving the quality of trans lives by responding to the critical needs of our community with direct service, material support, advocacy, and education. Our vision is to fight the epidemic of trans suicide and improve overall life-outcomes of trans people by facilitating justice-oriented, collective community aid. ",,,,,,,,
United States Consumer Product Safety Commission Hotline,,,,National,1-800-638-2772,http://www.cpsc.gov/,"Information on unsafe/recalled products nationwide. Toll free consumer hotline 8a-5:30p ET, can leave a message at anytime
",,,,,,,,
Veterans Crisis Line,,,,National,"press 1 or text to 838255,1-800-273-8255",http://veteranscrisisline.net/,"The Veterans Crisis Line connects Veterans in crisis and their families and friends with qualified, caring Department of Veterans Affairs responders through a confidential toll-free hotline, online chat, or text. Veterans and their loved ones can call 1-800-273-8255 and Press 1, chat online, or send a text message to 838255 to receive confidential support 24 hours a day, 7 days a week, 365 days a year. Support for deaf and hard of hearing individuals is available. ",,,,,,,,
Victim Support Services,,,,National,"24 Hr. Crisis line:1-888-288-9221,(360) 756-1780",http://victimsupportservices.org,"Criminal justice system advocacy, resources, referrals, educational and support services for victims of crime and their families.  Victim Support Services has been providing peer support and advocacy for victims of crime since 1975. Services are free of charge.  Serve victims of Adult Missing Persons,  Arson, Assault, Burglary, Elder Abuse, Fraud, Gang Violence, Hate Crimes, Homicide, Human Trafficking, Identitiy Theft, Robbery, Vehicular Assault, Vehicular Homicide.",,,,,,,,
VOA Care Crisis Line and Online Chat,,,,National,1-800-584-3578,https://www.voaww.org/behavioralhealth,"Available 24/7, 365 Days a year to speak with a licensed mental health professional. Offers emotional support, crisis intervention and referral to individuals in crisis or considering suicide.  Chat available on their website.",,,,,,,,
Big Brothers Big Sisters -Island Co.,,,,Island County,(360) 279-0644,http://www.bbbsislandcounty.org/,Youth mentoring for children ages 6-15.,,,Big Brothers Big Sisters of Island County,,,,,
Boys & Girls Club of Oak Harbor,,,,Island County,,https://bgcsc.org/snohomish-clubs/oak-harbor-club/ ,"Before school hrs: M-F: 6:45-9am, After school hrs: M: 2:30pm-6pm, T-F: 3pm-6pm, Summer/Non-School Days hrs: M-F: 6:45am-6pm.  Programs are designed to meet the physical, emotional, cultural and social needs and interests of the community. ",,,Boys and Girls Club of Oak Harbor,,,,,
CADA,,,,Island County,(360) 675-7057  OR  24 HR Hotline 1-800-215-5669,http://www.cadacanhelp.org/,"Hrs. M-F: 9am-5pm. Provides assistance to victims of domestic violence, sexual abuse, child sexual abuse and sexual harassment. ",,,CADA,,,,,
"DSHS, Island County ",,,,Island County,(877) 501-2233,https://www.dshs.wa.gov,"Hrs: M-F 8am-5pm.  Provides multiple program services (TANF, Basic Food, Medical, WorkFirst)",,,DSHS Island County,,,,,
Friends of Friends Medical Support Fund  ,,,,Island County,,http://www.fofmedicalsupportfund.org/,"A community-supported fund offering financial help for South Whidbey residents. Helps with uncovered medical expenses for doctors, hospitals, labs, transportation, supplies and equipment, and prescription drugs.  ",,,Friends of Friends Medical Support Fund,,,,,
Good Cheer Clinton Thrift Store & The Rack ,,,,Island County,,http://www.goodcheer.org/,"Open 7 Days a week from 9:30a to 5pm.  Offers everything from furniture to clothing for the family to home decor and seasonal decoration, to a “man-cave” with tools, appliances and electronics.",,,Good Cheer Clinton Thrift Store & the Rack,,,,,
Good Cheer Food Bank /Distribution Center ,,,,Island County,,http://www.goodcheer.org/,"Open Mon, Wed-Sat from 9:30a to 4:30p and Tues from noon to 7pm. ",,,Good Cheer Food Bank and Distribution Center,,,,,
Good Cheer Thrift Store Langley ,,,,Island County,,http://www.goodcheer.org/,"Hrs. 7 days a week 9:30am-5:pm offers collectibles  antiques, housewares, seasonal decorations, kitchenware, clothing and shoes for the entire family, linens, fabric and craft items, a toy department, artwork, used books, estate jewelry, electronics, and  furniture. Our selection is added to daily, so browse often, and remember, when you shop Good Cheer Thrift Stores, you are shopping to feed families!",,,Good Cheer Thrift Store Langley,,,,,
Habitat for Humanity - Island County,,,,Island County,,http://www.islandcountyhabitat.org/,"Volunteers build houses for low-income families who have been chosen on the basis of need for adequate shelter.  Selected families must contribute 500 hours of sweat  equity on the construction of the house which is then sold to them through a no profit, no interest, mortgage.  This can last from the time a family is selected, to the time the project is completed, can be as long as 1 1/2 years.
",,,Island County Habitat for Humanity,,,,,
Habitat for Humanity Store - Island Co. Freeland,,,,Island County,(360) 331-6272,http://www.islandcountyhabitat.org/stores.html,"Hrs: Mon-Sat: 10am-5pm and Sunday 11a to 4p. Sells quality used home and office furniture, appliances, and mattresses.  Proceeds go towards building affordable housing for low income families in Island County.  Provides free pickup of donated items.",,,Habitat for Humanity Store Island County,,,,,
Habitat for Humanity Store - Island County,,,,Island County,,http://www.islandcountyhabitat.org/ ,"Hrs: Mon-Sat: 10am-5pm and Sunday 11a to 4p. Sells quality used home and office furniture, appliances, and mattresses.  Proceeds go towards building affordable housing for low income families in Island County.  Provides free pickup of donated items.",,,,,,,,
"Head Start and Early Head Start, Oak Harbor",,,,Island County,,http://www.headstartprogram.us/city/wa-oak_harbor,"Classrooms are developmentally appropriate, based on the needs of the children enrolled and the goals set for them by Head Start and their parents. 
",,,Oak Harbor Head Start and Early Head Start,,,,,
Help House Food Bank ,,,,Island County,,,"Hrs: M,W,Th,F 8-4; Tu 8-5; closed 12-1.  Food Bank serving residents of North Whidbey Island- Deception Pass to Bakken Rd in Greenbank.  Also offers the Salvation Army’s prescription fund and holiday baskets.",,,Help House Food Bank,,,,,
Helping Hand South Whidbey ,,,,Island County,,http://helpinghandofsouthwhidbey.org/,"Hrs: M-F 9am-12pm.  Provides immediate financial assistance to residents of South Whidbey when basic services of life and well-being are in danger of being discontinued, and makes referrals for longer-term assistance.",,,Helping Hand South Whidbey,,,,,
HOPE Therapeutic Riding Center ,,,,Island County,(360) 221-7656,http://www.hope-whidbey.org,HOPE offers individual and group therapeutic recreational English-style riding lessons to people of all ages with disabilities on Whidbey Island. Cost is $40 but may be covered by health insurance.,,,HOPE Therapeutic Riding Center,,,,,
Island County Health Dept.,,,,Island County,(360) 679-7350,https://www.islandcountywa.gov/Pages/Home.aspx,Community and Family Health Services.  Open 8am to 4:30pm,,,Island County Health Department,,,,,
New Leaf ,,,,Island County,,http://www.newleafinc.org/,"Hrs. M-F 8am-4pm, closed 12-1pm; New Leaf’s mission is to promote independence and quality of life through employment. Provides jobs to people with disabilities and employment assessment.  Programs for job training, independent living evaluation, and support service.",,,New Leaf,,,,,
Opportunity Council Island County Back Pack Program,,,,Island County,,www.oppco.org,Annual program in August to provide back packs/school supplies to very low income and homeless school aged children on North Whidbey.,,,Opportunity Council Island County,,,,,
Opportunity Council Island County Rental Assistance,,,,Island County,(360) 679-6577 or 1-800-317-5427,www.oppco.org,Rental assistance for income qualified households.  Call for eligibility. ,,,,,,,,
Opportunity Council Island County Solid Waste Program,,,,Island County,(360) 679-6577 or 1-800-317-5427,www.oppco.org,Issues 50% off solid waste passes for income qualified individuals in Island County.  Issued M-F 9-4 ,,,,,,,,
Pregnancy Care Clinic of Oak Harbor,,,,Island County,(360) 675-2096,http://islandspcc.org/,"Hours M-F 10am-4pm, Sat 10am-2pm Provides pregnancy testing, limited ultrasounds, free crib or car seat upon completion of parenting classes, baby clothing, diapers, formula, abstinence presentations and community referrals.  Free and confidential.",,,,,,,,
Pregnancy Care Clinic of South Whidbey,,,,Island County,,http://islandspcc.org/,"Hours W and Th 10am 4pm Provides pregnancy testing, limited ultrasounds, testing, free crib or car seat upon completion of parenting classes, baby clothing, diapers, formula, abstinence presentations and community referrals.  Free and confidential.",,,Pregnancy Care Clinic of South Whidbey,,,,,
"Preschool Head Start, Oak Harbor",,,,Island County,,http://www.sihs.skagit.edu/index.php,"Skagit/Islands Head Start & ECEAP, a Skagit Valley College program, provides high quality, happy, early-learning environments for children birth to five. We also provide culturally responsive services to the entire family, including home-based services to pregnant women. We understand that each child’s first and most important learning happens in the home, so we strive to work in partnership with families to ensure we are reaching the best possible outcomes for each individual child and family.

The program offers parents and guardians unique opportunities for support and growth. We believe the more adults participate, the more rewarding the experience will be for the child.",,,,,,,,
Readiness to Learn Coupeville,,,,Island County,,,"The Readiness To Learn Foundation is a non-profit organization that works in partnership with schools, communities and families. Our goal is to help each child reach their potential regardless of their circumstances. The Readiness To Learn Foundation is your one stop shop when you need information, encouragement or support. We can help.",,,,,,,,
Readiness to Learn South Whidbey,,,,Island County,(360) 221-6808 ext.4321,,"Family Resource Center located at SW Elementary School. Open Mon-Thurs 9-4p or by appointment. Follows the school calendar, closed when the school is closed. The Readiness To Learn Foundation is a non-profit organization that works in partnership with schools, communities and families. Our goal is to help each child reach their potential regardless of their circumstances. The Readiness To Learn Foundation is your one stop shop when you need information, encouragement or support. We can help.",,,Readiness to Learn South Whidbey,,,,,
Sea Mar Oak Harbor Dental Clinic,,,,Island County,,http://www.seamar.org/location.php?xloc=25&xser=2&xcty=11&xserloc=33,"Tues- Sat:  8am to 5pm.  Provides preventive and emergency dental care including cleaning of teeth, extraction, and fillings.",,,Sea Mar Oak Harbor Dental Clinic,,,,,
South Whidbey Commons,,,,Island County,,http://southwhidbeycommons.org/,"Hrs. 8am to 5pm, 7 days a week. Open later for events.  Promotes positive youth development and fosters a healthy community.  Provides youth job training, volunteer opportunities, family activities and lifelong learning experiences.",,,South Whidbey Commons,,,,,
Stanwood-Camano Community Resource Center,,,,Island County,(360) 629-5257,http://www.stanwoodcamanoresources.org/,"Hrs. M-F: 9am-5:30pm  Partnering with community agencies, the center provides financial resources for individuals and families who need assistance with paying their bills to prevent eviction or disconnection of services.  Also offers a variety of educational and fun programs for youth and adults. ",,,Stanwood-Camano Community Resource Center,,,,,
Stanwood-Camano Food Bank ,,,,Island County,(360) 629-2789,,"Hrs. W & F: 10am-1pm, Saturdays: 10a - 12p.  Transportation from the Stanwood Senior Center available the first and third Fridays between 9:15 and 9:45am",,,Stanwood-Camano Food Bank,,,,,
Toddler Learning Center,,,,Island County,,https://www.tlcwhidbey.org,"Hrs: M-Th 9am-4pm. North & Central Whidbey - 360-679-1039
South Whidbey - 360-221-6808 x4420
	•	Free developmental screening including vision & hearing for children 0-36 months of age.
	•	Comprehensive developmental evaluation & assessment in all areas.
	•	Developmental Therapy by an Infant Toddler Educator, Speech Language Pathologist, Occupational Therapist, Physical Therapist, and Parent Support Specialist.  Services available in the home, child care setting, and/or therapeutic classroom setting.
	•	Family support for accessing information and community resources.",,,Toddler Learning Center,,,,,
United Way of Island County,,,,Island County,,http://www.unitedwayic.org/,"Provides support and assistance to locally recognized charitable health, welfare and recreational agencies through an annual federated fund drive.  Currently provides funding to nine non-profits, encompassing 11 separate programs in Island County.  ",,,United Way of Island County,,,,,
Whidbey Animal Improvement Foundation (WAIF),,,,Island County,,http://www.waifanimals.org/,Hrs. W-Sun. 12pm-4pm. Adoption/Pets. Including their Senior for Senior pet adoption program which matches an adopter 65+ to a dog or cat 8+ and WAIF waives all adoption fees. ,,,Whidbey Animal Improvement Foundation (WAIF),,,,,
Worksource Whidbey,,,,Island County,,www.worksourcewa.com,"M-F, 8am to 12 pm and 1pm to 5pm. Job search, career exploration, computer use, training on resumes and cover letters, and interview preparation. Job training programs for youth, adults, and mature workers, worker retraining, Division of Vocational Rehabilitation, and information on unemployment insurance.
",,,WorkSource Whidbey,,,,,