Agency_Id,AgencyContact_AgencyContact_Both,AgencySystem_DateOfLastCompleteUpdate,AgencyOption_Status,AgencySystem_Name,AgencySystem_Description,AgencySystem_Websiteurl,AgencyCustom_AdministratorName,AgencyCustom_AdministratorTitle,AgencySystem_LicensesOrAccreditations,AgencySystem_Fein,AgencyOption_ProviderType
Agency ID,EXPORT ONLY,YYYY/MM/DD,"[83 => ""Suspended"", 2295 => ""Delete"", 77 => ""Active"", 2634 => ""COVID-19 Closure"", 79 => ""Inactive"", 84 => ""Temporary"", 249 => ""Closed"", 250 => ""Outreach"", 80 => ""On Hold"", 81 => ""New"", 82 => ""Rejected"", 78 => ""Cancelled""]",*REQUIRED* text,*REQUIRED* text,http://some.domain.com,text,text,text,99-9999999,"[242 => ""Cooperative"", 245 => ""Government"", 247 => ""Other"", 244 => ""For Profit"", 246 => ""Non-Profit"", 243 => ""Education"", 248 => ""Faith Based""]"
4929,"[{""Contact_Id"":2281,""Name"":""Larry Vanderpol <larryvanderpol@comcast.net>""}]",2022/08/17,"[""Active""]",Depressive and Bipolar Support Alliance Whatcom County,"Peer-directed national organization focusing on the two most prevalent mental health conditions, depression and bipolar disorder.  Provides hope, help, support, and education to improve the lives of people who have mood disorders.",http://www.dbsalliance.org,,,,,"[""Non-Profit""]"
4930,"[{""Contact_Id"":4203,""Name"":""Nicole Oliver <parks@cob.org>""}]",2021/08/18,"[""Active""]",Bellingham Parks and Recreation Division,The Parks and Recreation Department supports a healthy community by providing high quality parks and recreation services.,https://cob.org/services/recreation,,,,,"[""Government""]"
4933,"[{""Contact_Id"":1447,""Name"":""Lauren Oswald <loswald@mtbaker.wednet.edu>""}]",2021/09/23,"[""Active""]",Mount Baker School District,Public school district.,http://www.mtbaker.wednet.edu,,,,,"[""Education""]"
4936,"[{""Contact_Id"":1645,""Name"":""Jennifer Knudsen <jknudsen@btc.edu>""}]",2022/06/20,"[""Active""]",Bellingham Technical College,"Bellingham Technical College provides student-centered, high-quality professional technical education for today’s needs and tomorrow’s opportunities.",https://www.btc.edu,,,,,"[""Education""]"
4939,"[{""Contact_Id"":2618,""Name"":""Roxana Parise <roxana.parise@bellinghamschools.org>""}]",2022/06/01,"[""Active""]",Bellingham School District,Public school district.,http://bellinghamschools.org,,,,,"[""Education""]"
4941,"[{""Contact_Id"":304,""Name"":""Becky Robertson <becky.robertson@nv.k12.wa.us>""}]",2021/09/23,"[""Active""]",Nooksack Valley School District,Public school district.,https://www.nv.k12.wa.us,,,,,"[""Education""]"
4943,"[{""Contact_Id"":3140,""Name"":""Paul Cocke <Paul.Cocke@wwu.edu>""}]",2022/02/18,"[""Active""]",Western Washington University,Pubic University.,http://www.wwu.edu,,,,,"[""Education""]"
4947,"[{""Contact_Id"":4724,""Name"":""Kim Bunch <kim.bunch@ferndalesd.org>""}]",2022/08/17,"[""Active""]",Ferndale School District,Public school district.,http://www.ferndalesd.org,,,,,"[""Education""]"
4952,"[{""Contact_Id"":1424,""Name"":""Henry Rosenthal <rosentl@pointroberts.net>""}]",2021/10/18,"[""Active""]",Point Roberts Food Bank,The Point Roberts Food Bank provides food for those individuals at or below the poverty level as well as low income individuals.,http://www.harmonywebdesigns.com/pointrobertschurch/announcements.htm,,,,,"[""Faith Based""]"
4954,"[{""Contact_Id"":2129,""Name"":""Ken Ferry <kenjferry@gmail.com>""}]",2021/12/16,"[""Active""]",River of Life Community Church,River of Life Community Church has an outward focus. From helping feed and clothe our neighbors; outreaches focused on kids; reaching our Hispanic neighbors through our Maple Falls Church.,,,,,,"[""Faith Based""]"
4955,"[{""Contact_Id"":2822,""Name"":""Melissa Johnson <melissa.johnson@shbham.org>""}]",2021/11/29,"[""Active""]",Saint Vincent de Paul - Sacred Heart Church,A faith based organization that offers assistance to people in need.,https://www.shbham.org,,,,,"[""Faith Based""]"
4962,"[{""Contact_Id"":807,""Name"":""Dan DeMent <blainecap@comcast.net>""}]",2022/03/22,"[""Active""]",Community Assistance Program,"Provides community-based social services to residents of Blaine, Birch Bay, Custer, and Point Roberts.",http://blainecap.org,,,,,"[""Faith Based""]"
4967,"[{""Contact_Id"":1957,""Name"":""Karen Haggen <khaggen@peacehealth.org>""}]",2021/09/08,"[""Active""]",Whatcom Hospice,"Provides services for patients with a life limiting illness of six months or less, and their families. Services address medical, emotional, respite, and spiritual concerns.",http://whatcomhospice.org,,,,,"[""Government""]"
4968,"[{""Contact_Id"":2053,""Name"":""Kathy Sitker <kathy@blaineseniorcenter.org>""}]",2022/05/27,"[""Active""]",Blaine Community/Senior Center,Senior Center.,https://www.blaineseniorcenter.org,,,,,"[""Government""]"
4973,"[{""Contact_Id"":2862,""Name"":""Michael McFarlane <parks@co.whatcom.wa.us>""}]",2021/09/08,"[""Active""]",Whatcom County Parks and Recreation Department,"The goal of the Parks and Recreation Department is to enrich the quality of life for the community and preserve the natural and cultural heritage of the County through provision of outstanding parks and trails, open space and natural areas, as well as recreational activities and Senior Services.",http://www.co.whatcom.wa.us/1787/Parks-Recreation,,,,,"[""Government""]"
4976,"[{""Contact_Id"":3989,""Name"":""Erika Lautenbach, MPH <health@whatcomcounty.us>""}]",2021/09/08,"[""Active""]",Whatcom County Health Department,To lead the community in promoting health and preventing disease by providing opportunities for the people in the community to thrive in a safe and healthy environment.,http://www.whatcomcounty.us/360/Health-Department,,,,,"[""Government""]"
4977,"[{""Contact_Id"":4259,""Name"":""Carina Rivera <carina.rivera@bellinghamhousing.org>""}]",2021/08/18,"[""Active""]",Bellingham & Whatcom County Housing Authorities,The Housing Authority of the City of Bellingham is a local government agency that serves thousands of residents in Whatcom County. The Bellingham Housing Authority and the Whatcom County Housing Authority work together to provide needed housing in our community.,http://www.bellinghamhousing.org,,,,,"[""Government""]"
4982,"[{""Contact_Id"":875,""Name"":""Dave Reynolds <dreynold@co.whatcom.wa.us>""}]",2021/09/02,"[""Active""]",Whatcom County Courts,Civil and criminal courts.,http://www.courts.wa.gov/court_dir/orgs/296.html,,,,,"[""Government""]"
4983,"[{""Contact_Id"":910,""Name"":""Dawn Pierce <dpierce@co.whatcom.wa.us>""}]",2021/12/28,"[""Active""]",Whatcom County Sheriff's Office,Law enforcement agency.,http://www.co.whatcom.wa.us/sheriff/,,,,,"[""Government""]"
4984,"[{""Contact_Id"":1192,""Name"":""Emily O'Connor <eoconnor@lydiaplace.org>""}]",2022/04/18,"[""Active""]",Lydia Place,The mission of Lydia Place is to disrupt the cycle of homelessness and promote sustained independence for current and future generations.,http://www.lydiaplace.org,,,,,"[""Non-Profit""]"
4985,"[{""Contact_Id"":1305,""Name"":""Tom Grinstad <tgrinstad@gmail.com>""}]",2021/02/18,"[""Active""]",Vietnam Veterans of America #165,Services for veterans of Vietnam and the Vietnam-era and their families.,http://www.vva165.org,,,,,"[""Non-Profit""]"
4986,"[{""Contact_Id"":1684,""Name"":""Jerry Bladies <blainefood@hotmail.com>""}]",2022/03/30,"[""Active""]",Blaine Food Bank,Community food bank that offers food to anyone in need.,https://www.blainefoodbank.org,,,,,"[""Non-Profit""]"
4988,"[{""Contact_Id"":2025,""Name"":""Byron Manering <bmanering@brigidcollins.org>""}]",2021/08/24,"[""Active""]",Brigid Collins Family Support Center,"Works to end child abuse in both Whatcom and Skagit Counties. Connects with local law enforcement jurisdictions, prosecuting attorneys, medical providers, child protection workers and therapists from both counties.",http://www.brigidcollins.org,Jenn Lockwood,Program Director,,,"[""Non-Profit""]"
4989,"[{""Contact_Id"":2299,""Name"":""Laura Clark <director@whatcomhumane.org>""}]",2021/09/07,"[""Active""]",Whatcom Humane Society,"Advocate for animals by educating the community to promote humane treatment and respect for animals and provide for abandoned, injured, abused or neglected animals.",http://www.whatcomhumane.org,,,,,"[""Non-Profit""]"
4990,"[{""Contact_Id"":2307,""Name"":""Deanna Wildermuth <info@interfaith-coalition.org>""}]",2022/07/01,"[""Active""]",Interfaith Coalition of Whatcom County,Interfaith Coalition collaborates with agencies and faith communities to fill gaps in human services and to meet housing and other needs of marginalized people.,http://www.interfaith-coalition.org,Carolyn Roy,Program Director,,,"[""Non-Profit""]"
4992,"[{""Contact_Id"":332,""Name"":""Beth Marsau <BethMarsau@comcast.net>""}]",2021/11/29,"[""Active""]",Northwest Braille Services,A non-profit agency providing braille services.,,Beth Marsau,Coordinator,,,"[""Non-Profit""]"
4994,"[{""Contact_Id"":4197,""Name"":"" <info@whatcomclubs.org>""}]",2022/08/12,"[""Active""]",Boys and Girls Clubs of Whatcom County,Provides affordable after school youth services in Whatcom County.,http://www.whatcomclubs.org,,,,,"[""Non-Profit""]"
4995,"[{""Contact_Id"":4718,""Name"":""Larry Newland <lhull15@voaww.org>""}]",2022/07/07,"[""Active""]",We Care of Whatcom County,"Provides inexpensive clothing, furniture and housewares to residents of Whatcom County.",,,,,,"[""Non-Profit""]"
4997,"[{""Contact_Id"":624,""Name"":""Cheri Woolsey <cheriw@ccsww.org>""}]",2022/05/10,"[""Active""]",Hope House,"Hope House is a multi-service center and collaborative effort between multiple non-profit agencies to provide clothing, housewares, emergency food,  hygiene, personal care, diapers, school supplies, flashlights, soaps and supplies for those in need.",https://www.assumption.org/hope-house.html,Cheri Woolsey,,,,"[""Non-Profit""]"
4998,"[{""Contact_Id"":669,""Name"":""Melissa Hatcher <info@whatcomclinic.com>""}]",2021/09/08,"[""Active""]",Whatcom County Pregnancy Clinic,"Provides services for educating, equipping, and empowering individuals and families facing an unplanned pregnancy by offering a compassionate and confidential environment for patients to be heard and to receive accurate information and medical care.",http://www.whatcomclinic.com,Melissa Hatcher,Administrative Assistant,,,"[""Non-Profit""]"
5073,"[{""Contact_Id"":1722,""Name"":""Suzanne Olson <suzanne@new-way-ministries.org>""}]",2022/04/13,"[""Active""]",New Way Ministries,"A non-profit faith based organization that provides transitional housing for women and their children.  A program designed to assist families in crisis by providing stable housing, dependable income and resources for help and encouragement.",http://www.christianhopeassociation.org,Don Kok,Executive Director,,,"[""Faith Based""]"
5144,"[{""Contact_Id"":1862,""Name"":""Place Holder <WhatcomCCS@WhatcomCCS.org>""}]",2022/06/13,"[""Active""]",Catholic Community Services of Western Washington in Whatcom County,"Provides social, mental health and chemical dependency services to residents of Whatcom County.",http://www.ccsww.org,,,,91-1585652,"[""Non-Profit""]"
5152,"[{""Contact_Id"":1254,""Name"":"" <whatcompflag@gmail.com>""}]",2021/12/23,"[""Active""]",PFLAG Whatcom,"A volunteer group providing Support, Education and Advocacy for LGBTQ+ people, their family and friends.",http://www.whatcompflag.org,,,,,"[""Non-Profit""]"
5235,"[{""Contact_Id"":1689,""Name"":""Jess Davis <jessicad@workopportunities.org>""}]",2022/01/05,"[""Active""]","Work Opportunities, Inc.","An agency which provides vocational rehabilitation and employment services to persons with mental, physical, emotional and sensory disabilities, so they might obtain the training and employment experiences they need to achieve economic self-sufficiency.  www.workopportunities.org",http://www.workopportunities.org,,,,,"[""Non-Profit""]"
5324,"[{""Contact_Id"":2919,""Name"":""Kristin Costanza <kristinc@bellinghamfoodbank.org>""}]",2022/03/30,"[""Active""]",Bellingham Food Bank,"Bellingham Food Bank provides emergency food to those in need residing in Bellingham.  It is the lead agency for Whatcom County food banks in Ferndale, Lynden, Everson, Deming, Blaine, and Lummi Island.",http://bellinghamfoodbank.org,,,,,"[""Non-Profit""]"
5325,"[{""Contact_Id"":2993,""Name"":""Suzanne Carlson-Prandini <scarlson-prandini@cob.org>""}]",2022/03/11,"[""Active""]",Bellingham Public Library,"Provides library services, circulating 1.6 million items annually to more than 59,000 registered cardholders. It is a department of the City of Bellingham and is funded by city taxes.",http://www.bellinghampubliclibrary.org,Rebecca Judd,Library Director,,,"[""Government""]"
5333,"[{""Contact_Id"":2784,""Name"":""Maya Green <maya@blueskiesforchildren.org>""}]",2021/08/24,"[""Active""]",Blue Skies for Children,"Blue Skies for Children is a 501(c)3 organization located in Whatcom County that grants Little Wishes for homeless, low-income and foster youth, ages 6-18.",http://www.blueskiesforchildren.org,,,,,"[""Non-Profit""]"
5356,"[{""Contact_Id"":3835,""Name"":""Teresa Brescia <info@campfiresamish.org>""}]",2022/06/20,"[""Active""]",Camp Fire Samish,"Camp Fire’s all-inclusive programs provide a nurturing, constructive and fun environments for young people to discover their sparks - unique skills, passions, and interests through Club programs, self-reliance classes, community service, and camp experiences.",http://www.campfiresamishcouncil.org,,,,,"[""Non-Profit""]"
5446,"[{""Contact_Id"":3097,""Name"":""Diana Horgen <lcbc@laurelchurch.us>""}]",2022/06/15,"[""Active""]",Laurel Church,Provides basic needs to those in the community.,http://www.laurelchurch.us,,,,,"[""Faith Based""]"
5450,"[{""Contact_Id"":4731,""Name"":"" <LIBCHR@lummi-nsn.gov>""}]",2021/11/19,"[""Active""]",Lummi Nation,"Coast Salish people with a rich history, culture and traditions. Fishers, hunters, gatherers, and harvesters of nature's abundance. Lummi's envision their homeland as a place where they enjoy an abundant, safe, and healthy life in mind, body, society, environment, space, time and spirituality; where all are encouraged to succeed and none are left behind.",https://www.lummi-nsn.gov,,,,,"[""Non-Profit""]"
5460,"[{""Contact_Id"":87,""Name"":""web update <webupdate@crisisconnections.org>""}]",2020/08/25,"[""Active""]",Bloodworks Northwest,Collects blood from volunteer donors to support the needs and provide specialized health services to patients in Western Washington. Mobile blood donor units are available for blood drives at organizations and businesses. Seattle location coordinates a hemophilia summer camp for families.,http://www.bloodworksnw.org,"Curt Bailey, MBA",CEO,,91-1019655,"[""Non-Profit""]"
5496,"[{""Contact_Id"":3909,""Name"":""Tina Fish <tina.fish@compassh.org>""}]",2022/03/22,"[""Active""]",Compass Health - Whatcom County,"Community-based healthcare agency that behavioral health and medical care services to support clients and communities. Addresses complex healthcare needs in partnership with first responders and other community organizations, and form a key section of the community safety net. Provides comprehensive mental health treatment, supportive housing, children’s services, community education and much more.",https://www.compasshealth.org,Tom Sebastian,President/CEO,,,"[""Non-Profit""]"
5700,"[{""Contact_Id"":1037,""Name"":""Amy Steele <nooksackvalleyfoodbank@gmail.com>""}]",2022/06/20,"[""Active""]",Nooksack Valley Food Bank,Emergency food and food bank for residents of Washington State mainly serving Whatcom County residents.,,,,,,"[""Non-Profit""]"
5751,"[{""Contact_Id"":752,""Name"":""Constituent Services <askdshs@dshs.wa.gov>""}]",2019/06/03,"[""Active""]",DSHS Division of Child Support,Establishes and enforces child support and health insurance obligations on behalf of minor dependent children from parents who are not the physical custodians of their children.,http://dshs.wa.gov/dcs,Christine Servin,District Manager,,,"[""Government""]"
5845,"[{""Contact_Id"":1066,""Name"":""Don Kok <don@christianhopeassociation.org>""}]",2021/08/27,"[""Active""]",Project Hope,"Assists individuals and families living with the Lynden area (Lynden School District boundaries) who are struggling with food insufficiency. Community Assistance Program helps community member with short-term, emergency assistance which may include utilities, rent, clothing, household goods, laundry, and fuel.",https://www.projecthopelynden.org,Don Kok,Executive Director,,91-0858511,"[""Non-Profit""]"
5846,"[{""Contact_Id"":4149,""Name"":""Director <director@ferndalefoodbank.org>""}]",2022/08/17,"[""Active""]",Ferndale Food Bank,"Food bank serving the Ferndale, Custer, and North Bellingham areas.",http://www.ferndalefoodbank.org,Suzanne Nevan,Executive Director,,,"[""Non-Profit""]"
5874,"[{""Contact_Id"":3550,""Name"":""Mandi Rothman <mandir@nwys.org>""}]",2022/08/19,"[""Active""]",Northwest Youth Services,"Offers housing, street outreach, help finding a job or enrolling in school, connection to mental health services, support for LGBTQ youth, restorative justice for juvenile respondents, and referrals to other services in the community. Serves young people ages 13-24 experiencing homelessness in Whatcom and Skagit Counties.",http://www.nwys.org/,Jason McGill,Executive Director,,91-0970561,"[""Non-Profit""]"
5945,"[{""Contact_Id"":1810,""Name"":""John P.C. Moon <john.moon@hfhwhatcom.org>""}]",2021/08/31,"[""Active""]",Habitat for Humanity in Whatcom County,"Habitat works in partnership with families in need and community volunteers, businesses, churches and other civic organizations. We repair, build, and sell houses at cost, with no-profit, interest-free mortgages, so that families can live and grow into all that God intends.",http://www.hfhwhatcom.org,,,,91-1409512,"[""Non-Profit""]"
5973,"[{""Contact_Id"":2266,""Name"":""Kurt Gisclair <kurtg@re-store.org>""}]",2022/06/15,"[""Active""]",RE Store,"Helps homeowners and contractors save money on disposal costs, providing the public with quality used building materials at affordable prices while reducing waste, saving resources and generating jobs.",http://www.re-store.org,Kurt Gisclair,Director,,,"[""Non-Profit""]"
5984,"[{""Contact_Id"":752,""Name"":""Constituent Services <askdshs@dshs.wa.gov>""}]",2021/07/08,"[""Active""]",DSHS Community Services Offices,"Helps people achieve and maintain self-sufficiency by providing financial assistance for food, medical expenses and ID cards to those who are eligible. Also provides limited cash assistance. Additional programs available for refugees, families and people with disabilities.",https://www.dshs.wa.gov/food-cash-medical,Babs Roberts,Division Director,,,"[""Government""]"
5989,"[{""Contact_Id"":752,""Name"":""Constituent Services <askdshs@dshs.wa.gov>""}]",2018/07/25,"[""Active""]",DSHS Division of Vocational Rehabilitation,"Helps people with disabilities prepare for, obtain and retain employment. Works in partnership with the community and businesses to develop employment opportunities for people who have disabilities.",http://dshs.wa.gov/dvr,Rob Hines,Director,,,"[""Government""]"
5998,"[{""Contact_Id"":1221,""Name"":""Erin Klones <erin.klones@dshs.wa.gov>""}]",2020/05/15,"[""Active""]",DSHS Aging and Long-Term Support Administration's Home and Community Services,Helps vulnerable and dependent adults by funding personal care services in a variety of settings. Investigates reports of adult abuse and neglect.,https://www.dshs.wa.gov/altsa/home-and-community-services/agencies-help#HCS,Sonya Sanders,Regional Administrator,,,"[""Government""]"
6101,"[{""Contact_Id"":4005,""Name"":""Matt Tabor <matthewt@journeyhousingandpayee.org>""}]",2021/12/03,"[""Active""]",Journey Housing and Payee Services,"Journey Housing and Payee Services, an Everett-based non-profit company, creates affordable housing programs that empower people living with developmental disabilities to discover their potential, live independently with supportive services and engage in community life. Journey also operates a payee service providing representative payee services to Washington residents who need assistance in managing their personal financial affairs. The main mission of the organization is to provide housing, which they accomplish as a property management agency and as a payee service, prioritizing the payment of rent and utilities to assist people in keeping their housing.",https://journeyhousingandpayee.org,,,,,"[""Non-Profit""]"
6131,"[{""Contact_Id"":917,""Name"":""Dean Lampman <dean.lampman@lwrtc.org>""}]",2021/12/22,"[""Active""]",Lake Whatcom Residential and Treatment Center,"Lake Whatcom Center (LWC), located in Bellingham, Washington, is a DSHS licensed not-for-profit organization providing an array of residential and community mental health services to adults with severe and persistent mental illness in Whatcom and surrounding counties.  ",http://lwrtc.org,,,,91-0844168,"[""Non-Profit""]"
6162,"[{""Contact_Id"":3541,""Name"":""Shannon Edgel <sedgel@lifelineconnections.org>""}]",2022/07/27,"[""Active""]",Lifeline Connections,Offers outpatient and residential substance use disorder and mental health treatment services.,https://lifelineconnections.org/,Joe Foster,CEO,,,"[""Non-Profit""]"
6164,"[{""Contact_Id"":3367,""Name"":""Jessica Hess <jessicah@thelighthousemission.org>""}]",2021/11/12,"[""Active""]",Lighthouse Mission Ministries,"Operates a crisis homeless shelter for men, women, and children. Assess and address the underlying causes that lead to homelessness for its guests.  Offers three meals a day, shelter, and access to life skills classes, case management, and recovery support for homeless men, women, and children.",http://www.thelighthousemission.org,,,,91-0659437,"[""Faith Based""]"
6218,"[{""Contact_Id"":2207,""Name"":""Kirk Larson <Kirk.Larson@ssa.gov>""}]",2018/10/30,"[""Active""]",Social Security Administration,"Manages application and administration offices for federal Social Security, Supplemental Security Income (SSI), Medicare, Medicare Part D/Extra Help, Social Security Disability Income (SSDI) and survivor and death benefits programs.",https://www.ssa.gov/seattle/index.htm,Mary Lisa Lewandowski,"Regional Commissioner, Seattle",,,"[""Government""]"
6332,"[{""Contact_Id"":2805,""Name"":""NAMI Staff <namiadmin@namiwhatcom.org>""}]",2022/04/21,"[""Active""]",NAMI Whatcom,"NAMI Whatcom County is an affiliate of NAMI, the National Alliance on Mental Illness, the nation’s largest grassroots mental health organization dedicated to building better lives for the millions of Americans affected by mental illness.  Our mission is to encourage recovery and reintegration of persons with mental illnesses and to provide support, education, and advocacy for persons with mental illness and their families.  NAMI Whatcom County is fully inclusive of individuals with mental illness and their families of all backgrounds and cultures.  The mission of NAMI Whatcom County is to provide hope and improve the quality of life for those affected by mental illness through support, education and advocacy. NAMI Whatcom County provides support for persons affected by mental illness in numerous ways.   We offer numerous programs and resources that encompass our values that support our mission. Our programs consist of the following free support groups, classes, and education opportunities.",http://www.namiwhatcom.org,Kim Sauter,Director,,91-1245978,"[""Non-Profit""]"
6359,"[{""Contact_Id"":2548,""Name"":""Lt. Niki Woollin <niki.woollin@usw.salvationarmy.org>""}]",2021/12/20,"[""Active""]",Salvation Army - Bellingham,Non-profit multi service center.,https://bellingham.salvationarmy.org,,,,94-1156347,"[""Non-Profit""]"
6385,"[{""Contact_Id"":87,""Name"":""web update <webupdate@crisisconnections.org>""}]",2021/04/01,"[""Active""]",Alcoholics Anonymous' Western Washington Area 72,Lists 12-step support groups for alcoholics. Some meetings have interpreters for individuals who are hard of hearing. Provides information about AA meetings throughout Western Washington.,http://www.area72aa.org,,,,,"[""Non-Profit""]"
6397,"[{""Contact_Id"":1297,""Name"":""Marissa Cahill <mbcahill@workforcenorthwest.org>""}]",2021/11/30,"[""Active""]",WorkSource Whatcom,"Offers a comprehensive job center providing workshops and seminars that are fun and informative in a casual atmosphere. Topics include: Job Search Strategies, Skills and Abilities Analysis, Perfecting Applications, Effective Resumes, and Cover Letters, Interviewing Techniques, Computer classes and weekly job networking club. Also provides free technology use for your career exploration and job searching needs. Computers with internet access, assessment, and interview practice software, Create and print your resume and other employment-related documents, fax applications to employers. Copiers (limited to 4 copies) and phones are available explicitly for job search.   UNEMPLOYMENT INSURANCE INFORMATION For questions or to file an Unemployment Insurance claim By phone:  1-800-318-6022 Online:  www.esd.wa.gov  ONLINE RESOURCES - WorkSourceWA.com - Find hundreds of available jobs, apply for local, state and national jobs, post your resume online for employers to view, discover job search strategies for success.   EMPLOYMENT & TRAINING PROGRAMS More intensive services and programs are available through WorkSource for qualifying low income young people, adults, and workers age 55 and better; dislocated workers; displaced homemakers; veterans, individuals with a disability; migrant agricultural workers; ex-offenders; and others.   BUSINESS SERVICES WorkSource provides human resource assistance, help during layoffs, and access to resources for business development.  - Assistance with finding qualified applicants - Activities to market your current job openings - Private rooms at WorkSource Centers for interviewing candidates - Resources for staff development and employee skills assessment - Assistance when dealing with company closures and layoffs - Access to current labor market information and local economic trends - Business resources for working with people with disabilities, obtaining tax credits, addressing human resource needs, etc. - Customized solutions for YOUR business’ needs  WorkSource is open to the public. The center is an adult learning environment. Please remember, resource lobby is for job search, career exploration, training research, & unemployment insurance activities. Use is monitored.  WorkSource is an equal opportunity employer and provider of employment and training services. Auxiliary aids and services are available upon request to persons of disability.",https://www.worksourcewa.com,Gay Dubigk,Executive Director,,,"[""Government""]"
6451,"[{""Contact_Id"":2012,""Name"":""Katherine Boury <katherine.boury@seattlegoodwill.org>""}]",2020/08/06,"[""Active""]",Seattle Goodwill,"Offers adult basic education programs, ESL classes, GED preparation and basic computer skill classes at four area job training centers. In addition, offers a retail and customer service training program for adults.",https://seattlegoodwill.org/,Daryl Campbell,President/CEO,,91-0568708,"[""Non-Profit""]"
6532,"[{""Contact_Id"":3977,""Name"":""Trudy Shuravloff <trudy@thewhatcomdream.org>""}]",2021/09/08,"[""Active""]",Whatcom Dream,"Offers financial literacy classes, covering the following topics: Values, Budgeting, Goal Setting, Banking, Debt Reduction, Credit Repair, Consumerism, Insurance, Transportation, Home Ownership, Retirement and Investing. Classes, meet once a week and are open to the public.",http://thewhatcomdream.org,Trudy Shuravloff,Executive Director,,74-3086597,"[""Non-Profit""]"
6655,"[{""Contact_Id"":4006,""Name"":""Luana Rawlins <Luana.Rawlins@Lni.wa.gov>""}]",2020/04/03,"[""Active""]",Washington State Department of Labor & Industries,"Offers vocational rehabilitation services to qualified injured workers. Pays medical bills of workers injured on the job and compensates for time lost. Provides disability awards and pensions for workers injured on the job when the job injury results in a permanent inability to work. Works to resolve complaints regarding mobile housing, factory-built housing and recreational vehicles.",http://lni.wa.gov,Veronica Bronkema,Regional Administrator,,,"[""Government""]"
6671,"[{""Contact_Id"":1416,""Name"":""Heidi Unick <otcm@openaccess.org>""}]",2021/09/09,"[""Active""]",Old Town Christian Ministries,Old Town Christian Ministries began in 1980 as an outreach to homeless people in Whatcom County.,,,,,,"[""Non-Profit""]"
6701,"[{""Contact_Id"":752,""Name"":""Constituent Services <askdshs@dshs.wa.gov>""}]",2019/06/05,"[""Active""]","Washington State Department of Children, Youth & Families' Child Welfare System",Operates a child abuse hotline. Provides Child Protective Services. Also provides Family Reconciliation Services to families with adolescents who have run away or are experiencing family conflict. Connects families interested in adopting with children in DSHS custody. Maintains a separate office for Indian Child Welfare.,https://www.dcyf.wa.gov,Stephanie Allison-Noone,Regional Administrator,,,"[""Government""]"
7106,"[{""Contact_Id"":1597,""Name"":""Sara McFarlane <sara@firstbaptistbellingham.com>""}]",2022/08/17,"[""Active""]",First Baptist Church - Bellingham,Provides a hot meal for anyone in need.,http://firstbaptistbellingham.com/connect/tuesday-meal,,,,,"[""Faith Based""]"
7228,"[{""Contact_Id"":1985,""Name"":""Karlene Umbaugh <karleneu@arcwhatcom.org>""}]",2022/02/22,"[""Active""]",Arc of Whatcom County,"Provides advocacy, information and referral, parent support and limited financial assistance to persons with developmental disabilities and their families.",http://www.arcwhatcom.org,Beverly Porter,Executive Director,,31-1579359,"[""Non-Profit""]"
7361,"[{""Contact_Id"":1555,""Name"":""Carol Brown <development@hsdc.org>""}]",2021/09/08,"[""Active""]","Hearing, Speech & Deaf Center","Provides audiology and hearing aids, speech therapy, case management and advocacy for the deaf and hard of hearing, early childhood education, sign language interpreting, and assistive technology.",http://hsdc.org,Lindsay Klarman,Executive Director,,91-0681207,"[""Non-Profit""]"
7426,"[{""Contact_Id"":1709,""Name"":""Jessie Burton <jburton@blainesd.org>""}]",2022/06/06,"[""Active""]",Blaine School District,Public school district.,http://www.blainesd.org,,,,,"[""Education""]"
7470,"[{""Contact_Id"":2856,""Name"":""Dani Turley <dani@lawadvocates.org>""}]",2022/02/08,"[""Active""]",LAW Advocates,Provides free civil legal assistance to low-income Whatcom County residents by linking them with attorney and community volunteers.,http://www.lawadvocates.org,,,,91-1537479,"[""Non-Profit""]"
7510,"[{""Contact_Id"":424,""Name"":""Tabitha Gross <brendasolis@seamarchc.org>""}]",2020/01/22,"[""Active""]",Sea Mar Community Health Centers,"Provides comprehensive medical, dental, family health planning and social services. Multilingual family health workers provide health advocacy and community resource education for limited English-speaking seniors. Provides chemical dependency treatment services. Outpatient behavioral health clinics provide individual and family counseling, youth anger management, as well as bilingual domestic violence survivor and chemical dependency support groups. Operates a combined Head Start/ECEAP preschool classroom. Provides WIC services.",https://www.seamar.org/,Rogelio Riojas,President and CEO,,91-1020139,"[""Non-Profit""]"
7527,"[{""Contact_Id"":3502,""Name"":""Mary O'Connor <mary.oconnor@ppgnhi.org>""}]",2021/04/09,"[""Active""]",Planned Parenthood,"Provides contraception options, pregnancy testing and the HPV vaccine. Offers pregnancy options counseling. Also offers preventive health care screenings such as breast and pelvic exams, Pap smears, and STD testing. HIV testing is provided. Services are confidential.",http://ppgnhi.org,,,,91-0686012,"[""Non-Profit""]"
7536,"[{""Contact_Id"":1961,""Name"":""Karen Klemetson <kklemetson@lutherancounseling.net>""}]",2021/06/03,"[""Active""]",Lutheran Counseling Network,"Provides counseling to individuals, couples and families at several Lutheran churches around Puget Sound.  Provides couples therapy and counseling, and therapy for individuals and families, addressing such areas as anxiety, depression, behavioral problems, trauma recovery, parenting, sexuality and spirituality.",http://www.lutherancounseling.net,,,,,"[""Non-Profit""]"
7974,"[{""Contact_Id"":5613,""Name"":""Rose Symotiuk <RoseSymotiuk@idealoption.net>""}]",2022/02/17,"[""Active""]",Ideal Option,"Provides full service medical treatment for substance use disorder, including Buprenorphine program for those with opioid addictions.",https://www.idealoption.com/,Jeffrey Allgaier,Medical Director, Agency is certified with Washington Health Care Authority.,,"[""For Profit""]"
8094,"[{""Contact_Id"":904,""Name"":""David Tucker II <david.a.tucker@irs.gov>""}]",2020/01/29,"[""Active""]",Internal Revenue Service,Provides information for taxpayers with questions regarding their IRS taxes.,https://www.irs.gov/help/contact-my-local-office-in-washington,Josh Koskinen,IRS Commissioner,,,"[""Government""]"
8121,"[{""Contact_Id"":2201,""Name"":""Tami Begasse <PublicAffairsPugetSound@va.gov>""}]",2017/08/31,"[""Active""]",Veterans Affairs Puget Sound Health Care System,"Provides inpatient, outpatient and emergency services to meet the medical, surgical and psychiatric needs of eligible veterans, including evaluation, assessment and treatment for substance abuse. Three King County outpatient clinics provide primary care, mental health services and social work services.",http://www.pugetsound.va.gov/,Michael Tadych,Director,,,"[""Government""]"
8287,"[{""Contact_Id"":1983,""Name"":""Kristina Adams <Kristina@answerscounseling.org>""}]",2022/05/10,"[""Active""]","Answers Counseling, Consultation and Case Management","Located in eight counties and provide home visiting nursing, behavioral health, dietetic and community health services.",https://www.answerscounseling.org/,Kristina Adams,Director,,,"[""For Profit""]"
8359,"[{""Contact_Id"":1995,""Name"":""Kasey Potzler <volunteerbcmp@gmail.com>""}]",2022/03/30,"[""Active""]",Bellingham Community Meal Program,Provides once a month meals Jan-Oct to needy individuals and families.,https://www.assumption.org,Mary Jo Iverson,Vice President,,,"[""Non-Profit""]"
8365,"[{""Contact_Id"":1431,""Name"":""Hilary Young <hilary.young@p-h-s.com>""}]",2022/06/06,"[""Active""]",Pioneer Human Services,"Provides a chance for change to people overcoming the challenges of conviction histories, substance use disorders and mental health issues by offering treatment, housing, training and employment services. Our vision is a world free from injustice, discrimination and mass incarceration, where everyone has the health, acceptance and opportunity to live their lives to their fullest potential.",http://pioneerhumanservices.org,Hilary Young,VP Advocacy & Philanthropy,,91-0791552,"[""Non-Profit""]"
8654,"[{""Contact_Id"":184,""Name"":""Ann and Pug Edmonds <annypug@gmail.com>""}]",2022/03/22,"[""Active""]",Saint Paul's Episcopal Church,"Provides small amounts of emergency financial assistance for transportation, food, utilities and other emergency needs. No support for hotels and car repairs.  VERY limited support for rent or large (>$200) utility bills from a network of churches.",http://stpaulsbellingham.org,Ann and Pug Edmonds,Parishoners,,,"[""Faith Based""]"
8727,"[{""Contact_Id"":2995,""Name"":""Nancy Larsen <nancy@whatcomskagithousing.com>""}]",2021/09/07,"[""Active""]",Whatcom-Skagit Housing,"Provides technical assistance to qualified families who wish to build their own homes in cooperative groups. Six to ten very-low to low income families are recruited and assisted in applying for individual home loans, selecting designs, and acquiring construction skills.  Participating families make a weekly labor commitment of 35 hours.  Program meets federal requirements of USDA Rural Development.  Serves Whatcom & Skagit Counties.",http://www.whatcomskagithousing.com,,,,,"[""Non-Profit""]"
8788,"[{""Contact_Id"":1797,""Name"":""John Gargett <admin@whatcomready.org>""}]",2021/09/03,"[""Active""]",Whatcom Unified Emergency Coordination Center,Provides website information on emergency management and disaster preparedness as well as road closure and disaster kit lists for families and individuals living in the Whatcom County area,http://www.whatcomready.org,,,,,"[""Non-Profit""]"
8790,"[{""Contact_Id"":4704,""Name"":""Karla Anderson <karla.anderson@wsu.edu>""}]",2021/09/03,"[""Active""]",WSU Extension - Whatcom County,Provides wellness and agricultural programs to residents of Whatcom County.,https://extension.wsu.edu/whatcom,Cheryl Kahle,Public Affiliate,,,"[""Government""]"
8829,"[{""Contact_Id"":2961,""Name"":""Molly Zinkle <mzinkle@meridian.wednet.edu>""}]",2021/09/23,"[""Active""]",Meridian School District,Public school district.,http://www.meridian.wednet.edu/,,,,,"[""Education""]"
8878,"[{""Contact_Id"":3859,""Name"":""Sara O'Connor <oconnsara@gmail.com>""}]",2022/04/04,"[""Active""]",Ferndale Community Service Cooperative,"Offer opportunities to receive and give support to vulnerable families and individuals, including assistance applying for DSHS benefits, WorkSource, and housing.  Homeless assistance includes shower vouchers, bus vouchers, referrals and assistance to appropriate programs.  Family support programs, financial literacy programs, mental health support group, drug and alcohol counseling.",http://www.ferndalecsc.org,Sara O'Connor,Executive Director,,87-0724835,"[""Non-Profit""]"
8966,"[{""Contact_Id"":3555,""Name"":""Margaret Vailencour <vailencourm@lynden.wednet.edu>""}]",2021/08/31,"[""Active""]",Lynden School District,"Schools in the Lynden School District are Lynden High School, Lynden Middle School, Isom Intermediate School, Fisher Elementary School, and Bernice Vossbeck Elementary School.",http://www.lynden.wednet.edu,,,,,"[""Government""]"
8968,"[{""Contact_Id"":1849,""Name"":""Josh Grubb <director@seanhumphreyhouse.org>""}]",2022/07/08,"[""Active""]",Sean Humphrey House,"Sean Humphrey House’s mission is to optimize the quality of life for low-income individuals living with HIV/AIDS, who may also suffer from other diseases and disabilities, and who are unable to live independently.",http://www.seanhumphreyhouse.org,,,,,"[""Non-Profit""]"
8998,"[{""Contact_Id"":752,""Name"":""Constituent Services <askdshs@dshs.wa.gov>""}]",2021/06/30,"[""Active""]",DSHS Developmental Disabilities Administration,"Serves as the point of entry for all of the administration's services to people with developmental disabilities. Provides case management, family support and residential services, employment and community access.",https://www.dshs.wa.gov/dda,Debbie Roberts,Assistant Secretary,,,"[""Government""]"
9017,"[{""Contact_Id"":4722,""Name"":""Lions Club <info@bellinghamcentrallions.org>""}]",2021/12/21,"[""Active""]",Bellingham Central Lions Club,"Service organization that provides volunteers and financial assistance to people and public service programs in Bellingham and Whatcom County, and supports international service through the Lions Clubs International Foundation (LCIF).",http://www.bellinghamcentrallions.org,,,,,"[""Non-Profit""]"
9061,"[{""Contact_Id"":3952,""Name"":""Tammy Bennett <tbennett@whatcomymca.org>""}]",2021/09/08,"[""Active""]",Whatcom Family YMCA,"Social service organization providing program for all ages.  Primary programs include childcare, aquatics, youth fitness and enrichment, leadership development and healthy lifestyle/fitness opportunities for adults and seniors.",http://whatcomymca.org,,,,,"[""Non-Profit""]"
9120,"[{""Contact_Id"":3105,""Name"":""Pamela Dittrich <pamelad@sunriseemail.com>""}]",2022/02/14,"[""Active""]","Sunrise Services, Inc.","Sunrise Services provides experience in supporting people with all forms of physical, mental and developmental disabilities and seniors.  They offer a wide range of customizable residential and in-home services for the elderly and adults with disabilities, as well as supported employment opportunities and other programs, including: caregiver training, community behavioral health services, vocational assistance/job placement.",https://sunriseservicesinc.com,,,,,"[""For Profit""]"
9140,"[{""Contact_Id"":460,""Name"":""Lisa Sloan <lsloan@dvsas.org>""}]",2021/12/28,"[""Active""]",Domestic Violence and Sexual Assault Services of Whatcom County,Supports individuals affected by domestic violence and sexual assault and provides community education. All services are free and confidential.,http://www.dvsas.org,,,,,"[""Non-Profit""]"
9229,"[{""Contact_Id"":2768,""Name"":""Matthew Bautista <mbautista@cob.org>""}]",2022/03/03,"[""Active""]",City of Bellingham,"The City of Bellingham, which serves as the",https://cob.org,,,,,"[""Government""]"
9310,"[{""Contact_Id"":2497,""Name"":""Lisa Sohni <lisa_sohni@oppco.org>""}]",2022/06/01,"[""Active""]",Opportunity Council in Whatcom County,"Provides a range of services including helping people in crisis meet immediate needs while providing long-term support. We shelter people who are homeless, feed people who are hungry, prepare young children for school, help keep people safe and warm through the winter, and more.",http://www.oppco.org,,,,,"[""Non-Profit""]"
9388,"[{""Contact_Id"":3737,""Name"":""Summer Starr <summer_starr@oppco.org>""}]",2021/10/04,"[""Active""]",Volunteer Center of Whatcom County,"Links volunteers of all ages who want to contribute their talent and time to partner organizations - schools, health care facilities, government agencies, and a wide range of nonprofits throughout Whatcom County.",http://www.whatcomvolunteer.org,,,,91-0787820,"[""Non-Profit""]"
9396,"[{""Contact_Id"":15,""Name"":""Addie Candib <outreach@whatcomdrc.org>""}]",2022/07/11,"[""Active""]",Whatcom Dispute Resolution Center,"Provides and promotes constructive and collaborative approaches to conflict.  We recognize that conflict is a normal and natural part of life, and offer mediation, facilitation, coaching, supervised visitation and community education services to youth and adults.",http://www.whatcomdrc.org,,,,91-1552277,"[""Non-Profit""]"
9443,"[{""Contact_Id"":2383,""Name"":""Melody Woodrich-Fernando <Melody.Woodrich-Fernando@dshs.wa.gov>""}]",2021/11/22,"[""Active""]",Northwest Regional Council,"This is an association of governments including Island, San Juan, Skagit and Whatcom counties.",http://www.nwrcwa.org,Dan Murphy,Executive Director,,,"[""Government""]"
9480,"[{""Contact_Id"":1297,""Name"":""Marissa Cahill <mbcahill@workforcenorthwest.org>""}]",2021/12/02,"[""Active""]",Northwest Workforce Council,"The Council is dedicated to addressing the full spectrum of workforce needs through an outcome and customer based model that addresses the needs of both employers and job seekers.   We envision that a cohesive workforce strategy created through the common goals of business, education, labor, and community organizations will yield strong economic outcomes and an adaptable and skilled workforce.",http://www.nwboard.org/,,,,,"[""Non-Profit""]"
9551,"[{""Contact_Id"":643,""Name"":""Chris Kobdish <chris_kobdish@unitycarenw.org>""}]",2022/08/25,"[""Active""]",Unity Care Northwest,"Offers affordable primary care, dental, behavioral health, and pharmacy services for children and adults in Whatcom County.",http://unitycarenw.org,,,,,"[""Non-Profit""]"
9599,"[{""Contact_Id"":2960,""Name"":""Molly Simon <msimon@wccoa.org>""}]",2022/03/07,"[""Active""]",Whatcom Council on Aging,"Provides nutrition, preventative health, and senior center services. Whatcom Council on Aging is a non-profit organization serving the needs of seniors in Whatcom County. This includes senior center programming, the Whatcom San Juan Nutrition Program (Meals on Wheels and Senior Lunches), and The Wellness Program for lectures, health screenings and strength training classes.",https://whatcomcoa.org,,,,91-0784024,"[""Non-Profit""]"
9601,"[{""Contact_Id"":3187,""Name"":""Kristi Birkeland <kbirkeland@unitedwaywhatcom.org>""}]",2021/09/02,"[""Active""]",United Way of Whatcom County,"We all win when a child succeeds, when a neighborhood turns around, and when everyone is in good health. This is United Way of Whatcom County's vision for a strong community. United Way of Whatcom County is using a variety of tactics and information on current issues to change lives and solve community-wide conditions by focusing on specific goals in Education, Income, and Health.",http://www.unitedwaywhatcom.org,,,,91-0570788,"[""Non-Profit""]"
9614,"[{""Contact_Id"":305,""Name"":""Becky Zender <blzender@comcast.net>""}]",2022/03/31,"[""Active""]",Foothills Food Bank,We distribute nutritious food to anyone in need.,http://www.foothillsfoodbank.org,Becky Zender,Director,,,"[""Non-Profit""]"
9641,"[{""Contact_Id"":3200,""Name"":""PIO <pio@whatcom.ctc.edu>""}]",2021/09/13,"[""Active""]",Whatcom Community College (WCC),"Whatcom Community College is a regionally and nationally accredited two-year college with an accomplished faculty and staff who serve 11,000 students annually. On its campus and through online courses.  Whatcom Community College offers transfer degrees, professional and technical training programs, as well as basic education, job skills, and community & continuing education classes.",http://whatcom.edu,,,,,"[""Education""]"
9642,"[{""Contact_Id"":1465,""Name"":""Arden Landry <alandry@co.whatcom.wa.us>""}]",2022/02/21,"[""Active""]",Whatcom County,Whatcom County government departments and services.,http://www.co.whatcom.wa.us,,,,,"[""Government""]"
9704,"[{""Contact_Id"":2775,""Name"":""Maureen McCarthy <maureenm@ridewta.com>""}]",2021/09/07,"[""Active""]",Whatcom Transportation Authority (WTA),"Provides fixed route, paratransit and vanpool service throughout Whatcom County.",http://www.ridewta.com,,,,,"[""Government""]"
9719,"[{""Contact_Id"":2725,""Name"":""Davilynn Fischer <Office@ywcabellingham.org>""}]",2022/05/13,"[""Active""]",YWCA of Bellingham,YWCA Bellingham provides emergency and transitional housing for single women in Whatcom County.  ,http://www.ywcabellingham.org,,,,91-0565024,"[""Non-Profit""]"
10042,"[{""Contact_Id"":5534,""Name"":""Jessica Oliver <joliver@voaww.org>""}]",2022/01/14,"[""Active""]",USDA,Resources and information for the agricultural community.,,,,,,"[""Other""]"
10437,"[{""Contact_Id"":5928,""Name"":""Place Holder <NScoolingcenters@ns211.org>""}]",2022/06/27,"[""Active""]",North Sound Cooling Centers,Cooling center locations for North Sound Counties.,,,,,,"[""Other""]"
10617,"[{""Contact_Id"":6061,""Name"":""Jessica Bee <jessica_bee@oppco.org>""}]",2022/08/08,"[""Active""]",Opportunity Council - East Whatcom Regional Resource Center,"Connects people with community resources to help meet basic needs such as clothing, blankets, food, household items, personal hygiene products, transportation and more.  Provides Head Start, community activities on site, and information and referrals to community programs.",https://www.oppco.org/ewrrc,,,,,"[""Non-Profit""]"